item_id,en_target_word,en_target_pos,diverse_score,diverse_norm,mean_abs_error,accurate_score,accurate_norm,combined_score
6933,conservative,adjective,0.14828652425,0.8863103277684857,0.35178162421792597,-0.35178162421792597,0.9150735503569594,0.9006919390627226
7468,instrument,noun,0.1392248036875,0.8258698723255388,0.30502945920791125,-0.30502945920791125,0.9283985735825594,0.8771342229540491
7345,multifunctional,adjective,0.132391474,0.7802924838311878,0.19337475012770086,-0.19337475012770086,0.9602217328185588,0.8702571083248734
7178,unprofessionally,adverb,0.156210552125,0.9391625262449612,0.7704231191523133,-0.7704231191523133,0.7957548483887045,0.8674586873168328
6879,superhero,noun,0.1561933695,0.9390479204508912,0.7800096400768229,-0.7800096400768229,0.793022555372019,0.8660352379114551
6895,subculture,noun,0.134362285375,0.7934375302134477,0.32334892391042086,-0.32334892391042086,0.9231772690164669,0.8583073996149573
7257,bronze,noun,0.165331796875,1.0,1.0641209932916464,-1.0641209932916464,0.7120468320138982,0.8560234160069491
7276,chocolate,noun,0.135660900125,0.8020991156589026,0.4382611558732707,-0.4382611558732707,0.8904256700374141,0.8462623928481583
7180,aerobic,adjective,0.1598902613375,0.9637056909968602,1.076879618545522,-1.076879618545522,0.7084104447407484,0.8360580678688043
7334,bulldog,noun,0.14997798637499998,0.8975921522845234,0.8671823691728923,-0.8671823691728923,0.7681771040523798,0.8328846281684517
7047,fall,noun,0.124096534625,0.7249663556153868,0.27691957621653235,-0.27691957621653235,0.9364102847760152,0.8306883201957009
7021,heterosexual,noun,0.140429529875,0.8339052337068938,0.7198655992422629,-0.7198655992422629,0.8101644511715029,0.8220348424391983
7348,hydrated,adjective,0.146313739375,0.8731521184070771,0.888198656458552,-0.888198656458552,0.7621871671983901,0.8176696428027336
6988,official,adjective,0.1274007895,0.7470052905138032,0.4633760735202636,-0.4633760735202636,0.8832675660034399,0.8151364282586215
6974,insider,noun,0.13548918785,0.8009538179160992,0.6601077249102885,-0.6601077249102885,0.827196284097646,0.8140750510068726
6796,farmhouse,noun,0.12007363100000001,0.6981341303640046,0.30046612116481264,-0.30046612116481264,0.9296991889743286,0.8139166596691666
7328,spray,noun,0.136358486125,0.8067519203067421,0.7255557269962895,-0.7255557269962895,0.808542684896876,0.8076473026018091
7057,mentality,noun,0.1337438013125,0.7893123248328713,0.6688464989846903,-0.6688464989846903,0.8247056108319324,0.8070089678324018
6919,striker,noun,0.1649885269375,0.9977104357589407,1.4156610670909933,-1.4156610670909933,0.6118529768822263,0.8047817063205835
6909,mass,noun,0.14061373,0.8351338237269526,0.8496761930736897,-0.8496761930736897,0.7731666099514831,0.8041502168392178
6836,compact,adjective,0.1393505565625,0.8267086270615558,0.8341799874920248,-0.8341799874920248,0.7775832460418144,0.8021459365516851
7191,major,noun,0.1563997445,0.9404244139000113,1.2508400511100846,-1.2508400511100846,0.6588292798094199,0.7996268468547156
7473,flame,noun,0.13818352475,0.8189246820836223,0.8334837968173868,-0.8334837968173868,0.7777816701555856,0.798353176119604
7382,admire,verb,0.10877275092500001,0.622758782610985,0.1606975698697203,-0.1606975698697203,0.9695351878380523,0.7961469852245187
7362,permit,verb,0.12525065875,0.7326642080564962,0.5936664734629465,-0.5936664734629465,0.8461329733073141,0.7893985906819052
7104,content,noun,0.10406237075,0.5913411813814139,0.12460496323896793,-0.12460496323896793,0.9798220873115675,0.7855816343464908
7129,starlight,noun,0.117963307,0.6840585535668104,0.45275139531486636,-0.45275139531486636,0.8862957484164066,0.7851771509916086
6781,gymnasium,noun,0.12755621737500003,0.7480419735022862,0.7116736129220683,-0.7116736129220683,0.8124992822527375,0.7802706278775118
7270,uninterrupted,adjective,0.11898653787499999,0.6908833656631153,0.5143165779765879,-0.5143165779765879,0.8687488072495105,0.7798160864563128
7070,topless,adjective,0.152145445125,0.9120488101675667,1.3421060697958576,-1.3421060697958576,0.632817183504672,0.7724329968361193
7228,credibility,noun,0.10319381975000001,0.5855480632143555,0.1994730732763976,-0.1994730732763976,0.9584836251271568,0.7720158441707561
7121,imagine,verb,0.10725034962875,0.6126045710484407,0.30225573215064494,-0.30225573215064494,0.9291891247249852,0.7708968478867129
7045,float,verb,0.1295868189375,0.7615858123808047,0.8266504300078671,-0.8266504300078671,0.779729275607149,0.7706575439939769
7422,move,verb,0.12230967625,0.7130482509627258,0.6639220307468873,-0.6639220307468873,0.8261091533978949,0.7695787021803104
7185,differential,adjective,0.120739657125,0.7025764348970408,0.6354564515945612,-0.6354564515945612,0.8342222429896528,0.7683993389433468
7415,traditional,adjective,0.10629016825000001,0.6062002905986938,0.3118389271094952,-0.3118389271094952,0.9264577796551948,0.7663290351269443
7136,initiation,noun,0.10318150987500001,0.5854659580063749,0.2637490371859131,-0.2637490371859131,0.9401640732570208,0.7628150156316978
7263,hockey,noun,0.126307108875,0.7397105880753193,0.8377329782386411,-0.8377329782386411,0.7765705938104395,0.7581405909428793
7447,brutal,adjective,0.108772817825,0.6227592288249728,0.429083421041982,-0.429083421041982,0.8930414532799467,0.7579003410524597
7217,recorder,noun,0.11040329574999999,0.6336342969422225,0.5009534482095945,-0.5009534482095945,0.8725574867935221,0.7530958918678723
7062,old,adjective,0.10256760287500001,0.5813712810160951,0.3225027995508219,-0.3225027995508219,0.9234184263348709,0.752394853675483
6807,miner,noun,0.1072494835,0.6125987940863549,0.45309974889905796,-0.45309974889905796,0.8861964627555377,0.7493976284209463
7051,nationally,adverb,0.098866775125,0.5566872584639598,0.2576301431298929,-0.2576301431298929,0.9419080439457362,0.749297651204848
6861,memo,noun,0.10374490687499999,0.5892237401008819,0.37890283002370334,-0.37890283002370334,0.9073436260381423,0.7482836830695121
7278,battleship,noun,0.112858611575,0.6500109227381449,0.600853578513448,-0.600853578513448,0.8440845474921193,0.7470477351151321
7373,chairman,noun,0.10297167862500001,0.5840664118353479,0.37201450124883023,-0.37201450124883023,0.9093068964212592,0.7466866541283035
6965,aerobics,noun,0.12360353175000001,0.7216780928518018,0.8559827134836223,-0.8559827134836223,0.7713691631184418,0.7465236279851218
7055,man,noun,0.121415151625,0.7070818922158373,0.8204001445417073,-0.8204001445417073,0.7815106946919201,0.7442962934538787
6872,agricultural,adjective,0.096022818375,0.537718450052302,0.2675087081879323,-0.2675087081879323,0.9390925142519612,0.7384054821521315
7102,panorama,noun,0.14613610249999998,0.8719673043803795,1.4418152047296957,-1.4418152047296957,0.6043986805644707,0.738182992472425
6961,operative,noun,0.1461662875,0.8721686342641431,1.4441621751724905,-1.4441621751724905,0.6037297610469823,0.7379491976555628
7394,destination,noun,0.103274742375,0.5860878062219779,0.44340593502030945,-0.44340593502030945,0.8889593357701092,0.7375235709960435
6779,asteroid,noun,0.10319998362499999,0.5855891754302666,0.44415381970674644,-0.44415381970674644,0.8887461781374154,0.737167676783841
6910,norm,noun,0.102719514875,0.5823845135919532,0.43362199586528005,-0.43362199586528005,0.8917478957533891,0.7370662046726711
6886,theological,adjective,0.11232902074999998,0.6464786232768406,0.6643904398625844,-0.6643904398625844,0.8259756502254876,0.7362271367511641
7214,motivational,adjective,0.114901690875,0.6636379864449062,0.7253999382627359,-0.7253999382627359,0.8085870868725373,0.7361125366587218
6822,factor,noun,0.095658839625,0.5352907608215622,0.2988743754234009,-0.2988743754234009,0.9301528588518415,0.7327218098367019
6804,supernaturally,adverb,0.12538445212500002,0.7335565918443737,0.9980675963250935,-0.9980675963250935,0.7308729772527456,0.7322147845485596
7329,biochemically,adverb,0.1035543092875,0.5879524798677537,0.4962834620022889,-0.4962834620022889,0.873888498408968,0.7309204891383608
6900,anchor,verb,0.094412526375,0.526978019335546,0.2830983343535105,-0.2830983343535105,0.9346492519839944,0.7308136356597702
6873,millionaire,noun,0.1099449449375,0.6305771587675159,0.6545970369928741,-0.6545970369928741,0.828766907500281,0.7296720331338984
6912,collaborator,noun,0.12049264700000001,0.7009289106381488,0.9139181106291555,-0.9139181106291555,0.7548567617701145,0.7278928362041317
7461,left,adjective,0.10918603437499999,0.6255153275488637,0.652745008691162,-0.652745008691162,0.8292947615607186,0.7274050445547912
7211,futuristic,adjective,0.1044259005,0.5937658758426387,0.5440742793974407,-0.5440742793974407,0.8602674446754265,0.7270166602590327
7153,sister,noun,0.09554607987500001,0.5345386684789848,0.3378014530822753,-0.3378014530822753,0.9190580953516244,0.7267983819153045
7107,protein,noun,0.10725891662499999,0.6126617117593638,0.6126348468495076,-0.6126348468495076,0.8407267206584016,0.7266942162088827
7508,mandate,noun,0.1275629725,0.7480870292760499,1.0907686049767495,-1.0907686049767495,0.7044518886666818,0.7262694589713659
7275,desktop,noun,0.11339176725,0.653566999268726,0.7728525691018525,-0.7728525691018525,0.7950624210541392,0.7243147101614326
7355,sanitary,adjective,0.12295614066249999,0.7173600815085551,1.0081554966053974,-1.0081554966053974,0.7279977840824657,0.7226789327955104
6849,treehouse,noun,0.12242652000000002,0.7138275830351459,1.0062450422962137,-1.0062450422962137,0.7285422903750806,0.7211849367051133
7081,hard,adjective,0.095759798125,0.535964140416392,0.3841755335670573,-0.3841755335670573,0.9058408315223837,0.7209024859693878
7240,pain,noun,0.09309636887499999,0.5181994261107838,0.33194271653365065,-0.33194271653365065,0.9207279174992484,0.7194636718050161
6946,confront,verb,0.09489796575,0.530215834573014,0.38884023077691143,-0.38884023077691143,0.9045113273454459,0.71736358095923
7004,communicative,adjective,0.10400801050000001,0.5909786058368106,0.6229021610920437,-0.6229021610920437,0.8378003919906915,0.714389498913751
7072,frame,noun,0.09625945520000001,0.5392967857975864,0.4512888812956454,-0.4512888812956454,0.886712585439242,0.7130046856184142
7031,deploy,verb,0.09896258587499998,0.5573263032597454,0.5197925278776245,-0.5197925278776245,0.8671880846691143,0.7122571939644299
7223,toll,noun,0.080672201875,0.43533190588656007,0.09719491073266599,-0.09719491073266599,0.9876343369941897,0.7114831214403748
7302,list,noun,0.082241529875,0.4457991122415969,0.14030472113716627,-0.14030472113716627,0.9753474359540318,0.7105732740978143
7496,colonial,adjective,0.10790989125,0.617003624814995,0.7455210787374065,-0.7455210787374065,0.8028522794236606,0.7099279521193278
7470,narrative,adjective,0.0921410189375,0.5118273707233287,0.3864918447879028,-0.3864918447879028,0.9051806503134734,0.7085040105184011
6884,atom,noun,0.123222048375,0.7191336501303688,1.1158485163056644,-1.1158485163056644,0.697303761924697,0.7082187060275329
7421,flexible,adjective,0.111247839225,0.639267288151597,0.8412213951191853,-0.8412213951191853,0.7755763460372321,0.7074218170944145
7087,coordinator,noun,0.092239496625,0.5124842036329749,0.40063764089388015,-0.40063764089388015,0.9011488998776085,0.7068165517552917
7308,combat,verb,0.09798139505,0.5507818926337045,0.5606641327239991,-0.5606641327239991,0.8555391036277268,0.7031604981307156
6869,neurology,noun,0.11363077812500001,0.6551611696077012,0.9274559268868104,-0.9274559268868104,0.7509982941244233,0.7030797318660622
6944,cable,noun,0.0870522970875,0.47788628148810475,0.31660214479811866,-0.31660214479811866,0.9251001957590074,0.7014932386235561
7297,also,adverb,0.11007194925,0.631424260423076,0.8568909358932087,-0.8568909358932087,0.7711103069842039,0.70126728370364
7511,album,noun,0.10839417025,0.6202337005075278,0.8206750518740439,-0.8206750518740439,0.781432342243697,0.7008330213756124
7125,footwear,noun,0.10727518875,0.6127702446410875,0.7963603632433548,-0.7963603632433548,0.7883623697762777,0.7005663072086826
7052,express,verb,0.09435976396250001,0.5266261011518221,0.49567873481655367,-0.49567873481655367,0.8740608541446511,0.7003434776482366
7471,tourist,noun,0.08883011975,0.4897441191555961,0.36810649079870617,-0.36810649079870617,0.9104207342510716,0.7000824267033339
7132,patient,noun,0.090239148375,0.49914215027339226,0.4161302077189751,-0.4161302077189751,0.896733300883972,0.6979377255786821
7255,confrontation,noun,0.08991495187499998,0.4969798032910655,0.4100269099703573,-0.4100269099703573,0.8984728264061732,0.6977263148486194
7186,autograph,noun,0.11626852587499999,0.6727545917678769,1.040942705560585,-1.040942705560585,0.7186529693399424,0.6957037805539097
7205,irish,adjective,0.12902552525,0.7578420590973343,1.3404056947463863,-1.3404056947463863,0.6333018142596667,0.6955719366785005
7033,suddenly,adverb,0.0762060037875,0.40554296628672243,0.10626507267712404,-0.10626507267712404,0.9850492135342609,0.6952960899104916
7321,supplier,noun,0.08123164225000001,0.43906329782531617,0.22813974156589512,-0.22813974156589512,0.9503132223088853,0.6946882600671007
7142,remix,noun,0.10177084499999998,0.5760570133214985,0.7097719306001689,-0.7097719306001689,0.8130412884058557,0.6945491508636771
6826,geometry,noun,0.09542414155000001,0.5337253562776078,0.5633878045874124,-0.5633878045874124,0.854762818918107,0.6942440875978574
7254,network,noun,0.11162261100000001,0.641766965405153,0.9458572748272808,-0.9458572748272808,0.7457536516862263,0.6937603085456896
6932,exploded,adjective,0.125536061375,0.7345678051185154,1.2743680437899476,-1.2743680437899476,0.6521234716646257,0.6933456383915706
6802,handbook,noun,0.11480707624999999,0.6630069196417399,1.0296391115545094,-1.0296391115545094,0.7218746522851374,0.6924407859634386
7179,privacy,noun,0.09165722025,0.5086004986504679,0.49152577126956304,-0.49152577126956304,0.8752445070451502,0.6919225028478091
6820,intellectually,adverb,0.09261090785,0.5149614664707323,0.5190877805067139,-0.5190877805067139,0.8673889475614223,0.6911752070160773
7226,camera,noun,0.092452379875,0.5139041062328655,0.518392166893168,-0.518392166893168,0.8675872072046827,0.6907456567187742
7048,fund,noun,0.12571519648749999,0.7357626121875093,1.3084070466417999,-1.3084070466417999,0.6424218780917924,0.6890922451396508
7152,crisis,noun,0.0920996085,0.5115511686836246,0.5233562860876261,-0.5233562860876261,0.8661723635595461,0.6888617661215853
6963,answer,verb,0.0807194951125,0.4356473454097893,0.26462012858744305,-0.26462012858744305,0.9399157999812373,0.6877815726955133
7236,relationship,noun,0.076405328125,0.4068724327667658,0.16760142646116638,-0.16760142646116638,0.9675674918092689,0.6872199622880174
6778,avenue,noun,0.13241074335,0.7804210077999039,1.4836988866190186,-1.4836988866190186,0.5924612433606681,0.686441125580286
7340,open,verb,0.099317685375,0.5596947690891138,0.7109918282141522,-0.7109918282141522,0.8126936004637956,0.6861941847764547
6815,french,adjective,0.09410670250000001,0.5249382152869839,0.5925095598348084,-0.5925095598348084,0.846462709929386,0.685700462608185
6891,mutation,noun,0.09237861391249998,0.5134120972000402,0.5541248149524739,-0.5541248149524739,0.8574029009762878,0.685407499088164
6839,conservative,noun,0.09423089487500003,0.5257665616982167,0.601159316194109,-0.601159316194109,0.843997407961899,0.6848819848300578
7106,financially,adverb,0.096165521,0.5386702573375096,0.6695837348290444,-0.6695837348290444,0.8244954882686958,0.6815828728031027
6841,minor,adjective,0.094834046625,0.5297895026198414,0.6438113702335408,-0.6438113702335408,0.831840973910701,0.6808152382652712
6993,state,noun,0.106720769375,0.60907234209595,0.9301832910903371,-0.9301832910903371,0.7502209570460467,0.6796466495709983
6938,conclusion,noun,0.0754210558,0.40030746895083497,0.20294550725018815,-0.20294550725018815,0.957493932706705,0.67890070082877
7379,elevator,noun,0.11296086220000001,0.6506929206326617,1.0834024982863466,-1.0834024982863466,0.7065513324616558,0.6786221265471588
6867,send,verb,0.08510862762499999,0.46492226800591907,0.4336990162343344,-0.4336990162343344,0.8917259438671765,0.6783241059365478
6914,meditation,noun,0.07841667887500002,0.4202878713191963,0.28104977983554075,-0.28104977983554075,0.9352331187744415,0.6777604950468189
7172,pump,verb,0.10383476425,0.5898230766874,0.878988670617157,-0.878988670617157,0.7648121424314674,0.6773176095594338
6939,thirst,noun,0.08536966625,0.4666633604700249,0.45347420346573636,-0.45347420346573636,0.8860897379483154,0.6763765492091701
7249,heroism,noun,0.091717205575,0.5090005926875647,0.6073022850365856,-0.6073022850365856,0.8422465756211378,0.6756235841543512
7499,physiological,adjective,0.07780492187499999,0.4162075345392887,0.2980715679987793,-0.2980715679987793,0.9303816702357951,0.6732946023875419
7158,hairstyle,noun,0.08773696962499998,0.4824529550806483,0.5340395624052309,-0.5340395624052309,0.8631274798621367,0.6727902174713924
7452,boring,adjective,0.08065249817499999,0.4352004848618553,0.3685974633554281,-0.3685974633554281,0.9102808001812793,0.6727406425215673
7220,launch,verb,0.090925304125,0.5037187166935065,0.6167004405515341,-0.6167004405515341,0.8395679693900111,0.6716433430417588
7510,ringing,noun,0.12753664412500001,0.7479114225615084,1.4772420686723937,-1.4772420686723937,0.5943015271011926,0.6711064748313504
6810,blackberry,noun,0.11647713600000001,0.6741459931996522,1.2187538595108884,-1.2187538595108884,0.6679742947662408,0.6710601439829464
7318,sarcastic,adjective,0.10177395477500001,0.5760777551018292,0.8794472563359476,-0.8794472563359476,0.7646814390650565,0.6703795970834429
7343,wash,verb,0.0765458905,0.4078099648727877,0.2931800586255287,-0.2931800586255287,0.9317758190627604,0.669792891967774
7266,looking,adjective,0.08895155499999999,0.4905540759144924,0.5943488692521159,-0.5943488692521159,0.8459384809295217,0.6682462784220071
6800,silence,noun,0.07340026499999999,0.3868290665365785,0.23747794514282228,-0.23747794514282228,0.9476517032215599,0.6672403848790692
7168,company,noun,0.08536496362499998,0.46663199459476773,0.5244069522248332,-0.5244069522248332,0.8658729089636437,0.6662524517792057
6892,product,noun,0.07379699349999999,0.389475192188083,0.25643083181713056,-0.25643083181713056,0.9422498645030059,0.6658625283455444
7267,critical,adjective,0.12455137325,0.7280000679725973,1.4480873162719936,-1.4480873162719936,0.6026110407416568,0.6653055543571271
7244,ask,verb,0.08878267225,0.48942765072227257,0.6128090035362143,-0.6128090035362143,0.8406770835582853,0.6650523671402789
7213,dying,adjective,0.07631493749999999,0.40626953947458216,0.32485928691717086,-0.32485928691717086,0.9227467943605933,0.6645081669175877
7155,grid,noun,0.11534240137499999,0.6665774661115733,1.244723916433549,-1.244723916433549,0.6605724640362526,0.6635749650739129
7207,teaspoon,noun,0.084311410025,0.45960493400750246,0.5252137775195224,-0.5252137775195224,0.8656429524303273,0.6626239432189149
7481,workshop,noun,0.1049414415625,0.5972044652807184,1.0082682691372755,-1.0082682691372755,0.727965642328043,0.6625850538043807
6917,tweet,verb,0.097389140375,0.5468316337343793,0.8338763552235795,-0.8338763552235795,0.7776697855000023,0.6622507096171908
7478,correlate,verb,0.0750538075,0.39785797226203795,0.3112156449501548,-0.3112156449501548,0.9266354238187866,0.6622466980404123
7038,concert,noun,0.077810921875,0.4162475537310258,0.37762806535180654,-0.37762806535180654,0.9077069518618033,0.6619772527964145
7039,birthplace,noun,0.10605561041500002,0.6046358214366477,1.0457957118722891,-1.0457957118722891,0.7172697944259337,0.6609528079312907
7404,bay,noun,0.09103452683124999,0.5044472174307484,0.6955268531797435,-0.6955268531797435,0.8171013354098174,0.6607742764202829
7151,stereotypical,adjective,0.07511314134999998,0.3982537210486451,0.3242233994626465,-0.3242233994626465,0.9229280312102364,0.6605908761294408
7147,beer,noun,0.09597719575,0.5374141532893986,0.8154631420438637,-0.8154631420438637,0.7829178096979208,0.6601659814936597
7396,demo,noun,0.1077160505,0.6157107331248798,1.0908428791974945,-1.0908428791974945,0.7044307194712816,0.6600707262980807
7086,lifeguard,noun,0.10962228612500001,0.6284250679536716,1.1357757336428578,-1.1357757336428578,0.6916242252918415,0.6600246466227566
7005,message,noun,0.07838802424999998,0.42009674883052495,0.4068928773619893,-0.4068928773619893,0.8993660696877912,0.6597314092591581
6812,dog,noun,0.07386573500000002,0.3899336887328812,0.3019948932998453,-0.3019948932998453,0.92926346745851,0.6595985780956956
7233,desperate,adjective,0.07789105999999998,0.4167820642293286,0.3966627184113007,-0.3966627184113007,0.9022818085758257,0.6595319364025771
7495,korean,adjective,0.0954723142,0.5340466613637459,0.8081238866549073,-0.8081238866549073,0.7850096004951065,0.6595281309294262
7453,summer,noun,0.08219865549999998,0.4455131459359755,0.5061652492548014,-0.5061652492548014,0.8710720503445423,0.6582925981402589
7065,criminal,adjective,0.0887082070375,0.4889309777861438,0.6617195864595565,-0.6617195864595565,0.8267368809325553,0.6578339293593496
6999,autopilot,noun,0.121358352,0.7067030463685934,1.4374642430599873,-1.4374642430599873,0.60563876570898,0.6561709060387867
7069,territorial,adjective,0.08588590149999997,0.4701065800452149,0.6106299152752891,-0.6106299152752891,0.8412981542976027,0.6557023671714088
7162,formally,adverb,0.0999315715,0.5637893068459555,0.9426045509042308,-0.9426045509042308,0.7466807236584402,0.6552350152521978
7050,idealistic,adjective,0.06542516318749998,0.33363621177717384,0.14247780937090557,-0.14247780937090557,0.9747280753066769,0.6541821435419254
6786,planet,noun,0.094510179,0.5276293491894618,0.8234316246373291,-0.8234316246373291,0.7806466803158275,0.6541380147526447
7208,supposedly,adverb,0.081562959025,0.44127313608271707,0.5206001603664042,-0.5206001603664042,0.8669578980741528,0.654115517078435
6903,ride,verb,0.0780523605,0.4178579168354573,0.44108042198034675,-0.44108042198034675,0.8896221396266216,0.6537400282310395
7195,reconnection,noun,0.09314147799999999,0.5185002978978609,0.798776610306427,-0.798776610306427,0.7876737054496669,0.6530870016737639
7353,arise,verb,0.072001463425,0.37749924846459115,0.3054181363051657,-0.3054181363051657,0.9282877951545002,0.6528935218095457
7235,performer,noun,0.07989110999999999,0.43012212830158864,0.492328369912,-0.492328369912,0.8750157551670498,0.6525689417343192
7210,smoothly,adverb,0.08329734975000001,0.4528412885778215,0.5735230791075083,-0.5735230791075083,0.8518741234245575,0.6523577060011895
7193,bravely,adverb,0.078606994675,0.42155725206765915,0.46464428586022694,-0.46464428586022694,0.8829061076863463,0.6522316798770027
7187,national,adjective,0.086577105125,0.4747168151115776,0.6560125120203247,-0.6560125120203247,0.8283634772503237,0.6515401461809507
7420,document,noun,0.084413505125,0.46028589457122027,0.6079358473464306,-0.6079358473464306,0.8420660014703634,0.6511759480207918
7028,outrage,noun,0.06820047387500001,0.35214716019930253,0.2296708366142172,-0.2296708366142172,0.9498768387301756,0.6510119994647391
6782,luck,noun,0.07532616219999999,0.39967454142199943,0.39899305080684416,-0.39899305080684416,0.9016176311353301,0.6506460862786647
7080,pledge,noun,0.07577665625,0.4026792760492198,0.41189375314241533,-0.41189375314241533,0.8979407498997506,0.6503100129744852
7352,rank,verb,0.10478468049999999,0.5961588901112047,1.0974495858196132,-1.0974495858196132,0.702547715354454,0.6493533027328293
7457,fool,noun,0.0839549855,0.45722763043987913,0.6103382502220053,-0.6103382502220053,0.8413812829315017,0.6493044566856905
7416,academically,adverb,0.10677189612500002,0.60941335063114,1.1445074260458603,-1.1445074260458603,0.6891355704018727,0.6492744605165064
7024,mat,noun,0.08107304612499999,0.4380054830361297,0.5435327628678818,-0.5435327628678818,0.8604217844868958,0.6492136337615128
7425,black,adjective,0.08525546037500001,0.4659016226685057,0.6418258690343016,-0.6418258690343016,0.8324068696203146,0.6491542461444102
7474,theoretical,adjective,0.069000461375,0.35748296905758453,0.262629680738205,-0.262629680738205,0.9404831055555303,0.6489830373065574
7515,ruler,noun,0.11176649275000002,0.6427266372952704,1.2644496045861102,-1.2644496045861102,0.6549503660496134,0.6488385016724418
7356,evacuation,noun,0.0962248632375,0.5390660620676121,0.9037135832830913,-0.9037135832830913,0.7577651952910744,0.6484156286793432
6814,fish,noun,0.086723440125,0.47569284984871624,0.6865597360401611,-0.6865597360401611,0.8196570896540544,0.6476749697513853
7369,primary,noun,0.111661855,0.642028717598574,1.2824423584770306,-1.2824423584770306,0.6498221786504277,0.6459254481245009
7367,stop,verb,0.079741137125,0.42912182942826005,0.5382523019131673,-0.5382523019131673,0.8619267899737726,0.6455243097010164
7027,very,adjective,0.123586977625,0.7215676790680663,1.5688736952571947,-1.5688736952571947,0.5681852274136716,0.644876453240869
7327,soil,noun,0.08520936800000001,0.4655941927363827,0.672882213566274,-0.672882213566274,0.8235553755322415,0.6445747841343121
6908,ignorance,noun,0.07052792262499999,0.3676709298300123,0.33174019455839027,-0.33174019455839027,0.9207856391047283,0.6442282844673703
7061,online,adverb,0.083258502375,0.4525821818197208,0.6389667665736692,-0.6389667665736692,0.8332217539510004,0.6429019678853606
6877,hairdresser,noun,0.07902515987499999,0.42434635762041495,0.542093953636651,-0.542093953636651,0.8608318653124415,0.6425891114664282
7019,domestically,adverb,0.0916411901375,0.5084935799595173,0.8389586384956563,-0.8389586384956563,0.7762212634342328,0.642357421696875
7225,experienced,adjective,0.071089722075,0.3714180564812264,0.36360989562049867,-0.36360989562049867,0.9117023269895663,0.6415601917353964
7442,classic,adjective,0.112531322455,0.6478279483970264,1.334158127457718,-1.334158127457718,0.6350824586257012,0.6414552035113639
6838,invite,verb,0.08490348687499999,0.46355400683803255,0.6896763631044412,-0.6896763631044412,0.8187688071967999,0.6411614070174162
7439,nail,noun,0.07141603075,0.3735944913862709,0.3875095126133778,-0.3875095126133778,0.904890600699568,0.6392425460429194
6995,mention,verb,0.07615196375,0.40518252651635794,0.498903017283905,-0.498903017283905,0.873141888386506,0.6391622074514319
7375,impatient,adjective,0.076252970875,0.4058562304333875,0.5127395204334221,-0.5127395204334221,0.8691982907843648,0.6375272606088762
6913,warm,verb,0.071823179875,0.3763101212027578,0.41379243508426916,-0.41379243508426916,0.8973995988970578,0.6368548600499078
6937,repair,verb,0.071158851375,0.37187913959978364,0.39830925772735587,-0.39830925772735587,0.9018125217604751,0.6368458306801293
6858,hospital,noun,0.09002273000000001,0.4976986688659704,0.8406346138184307,-0.8406346138184307,0.7757435869438132,0.6367211279048918
7059,cruise,verb,0.08302377632499999,0.45101659068628475,0.677767335192922,-0.677767335192922,0.8221630473027141,0.6365898189944994
6859,unattractive,adjective,0.0984744906875,0.5540707741106684,1.0431678103221131,-1.0431678103221131,0.7180187832520808,0.6360447786813745
7429,school,noun,0.08119575720000002,0.43882394937590935,0.6418395038926188,-0.6418395038926188,0.83240298349432,0.6356134664351146
6809,today,adverb,0.08867575985,0.4887145594164957,0.8169557009340616,-0.8169557009340616,0.7824924094651572,0.6356034844408265
6770,eventually,adverb,0.0588836786,0.29000539078522297,0.12637889469195815,-0.12637889469195815,0.9793164919491569,0.63466094136719
7064,obstacle,noun,0.06980195974999999,0.3628288552485858,0.3856792812723999,-0.3856792812723999,0.9054122423202613,0.6341205487844236
7411,holding,noun,0.08879200875,0.48948992391954804,0.8429460869683026,-0.8429460869683026,0.7750847846530359,0.6322873542862919
7400,bravo,noun,0.091417151,0.5069992690928171,0.9048815052904784,-0.9048815052904784,0.7574323211264066,0.6322157951096119
7445,repetitive,adjective,0.09300986024999999,0.517622425235654,0.9438006706655884,-0.9438006706655884,0.7463398127381166,0.6319811189868854
6951,preference,noun,0.05814992693749999,0.2851113660404029,0.13457648404129022,-0.13457648404129022,0.9769800639259759,0.6310457149831894
7175,poster,noun,0.081282895375,0.43940514926473184,0.6793343212268982,-0.6793343212268982,0.8217164342893392,0.6305607917770355
6823,fast,adverb,0.07822824475,0.41903104108950173,0.6102281403791912,-0.6102281403791912,0.8414126657821687,0.6302218534358353
7242,waste,noun,0.081473929375,0.4406793203104458,0.6881806535085628,-0.6881806535085628,0.8191951054249047,0.6299372128676752
7030,ideal,adjective,0.088490765375,0.4874806711889443,0.855803347797872,-0.855803347797872,0.7714202848563974,0.6294504780226708
7307,unexpected,adjective,0.062971645325,0.31727157814892243,0.26692624363792933,-0.26692624363792933,0.9392585248239895,0.628265051486456
7398,round,adjective,0.05970352324999999,0.2954736441590383,0.19153058939288345,-0.19153058939288345,0.9607473445120047,0.6281104943355216
6876,telecommunications,noun,0.10203828324999997,0.5778407904222573,1.1833867356734722,-1.1833867356734722,0.6780544214610215,0.6279476059416393
7054,government,noun,0.07232075556249999,0.37962888400971195,0.4912421774489797,-0.4912421774489797,0.8753253352644444,0.6274771096370781
7380,force,noun,0.0899053395,0.4969156900447036,0.910735274437744,-0.910735274437744,0.7557639147578906,0.6263398024012972
7206,sue,verb,0.06623604462499999,0.3390446817310532,0.3613457571990408,-0.3613457571990408,0.9123476382183711,0.6256961599747122
6920,number,noun,0.07577892176249999,0.4026943867124064,0.5859100966345213,-0.5859100966345213,0.8483436495693252,0.6255190181408659
7427,ever,adverb,0.08589874512500001,0.47019224529379394,0.8232051283933309,-0.8232051283933309,0.7807112349243925,0.6254517401090932
7014,residence,noun,0.07656894207500001,0.4079637157727484,0.6054391795715739,-0.6054391795715739,0.8427775868285913,0.6253706513006698
7222,language,noun,0.07999028262500002,0.43078359635074476,0.6868254083654378,-0.6868254083654378,0.8195813693124627,0.6251824828316037
7287,checkpoint,noun,0.0874340174125,0.48043230463411807,0.8636682556592254,-0.8636682556592254,0.7691786757266964,0.6248054901804072
7221,associate,verb,0.06768582100000001,0.34871449485219974,0.4037654957732238,-0.4037654957732238,0.900257417335471,0.6244859560938354
7446,christian,noun,0.08295871637499999,0.4505826495840433,0.7620078030621141,-0.7620078030621141,0.7981533315889724,0.6243679905865078
7108,loop,noun,0.06246914062500001,0.31391993949258296,0.284567481334493,-0.284567481334493,0.9342305244739588,0.6240752319832709
7346,taxi,noun,0.07874611037499998,0.42248513504631313,0.6680379203820802,-0.6680379203820802,0.824936067082615,0.6237106010644641
7203,overload,verb,0.10490903722499999,0.5969883327147978,1.2825764842301763,-1.2825764842301763,0.6497839509282369,0.6233861418215174
7246,wage,noun,0.08051794743749999,0.43430304956812765,0.711827494651184,-0.711827494651184,0.812455423800107,0.6233792366841173
7114,notice,verb,0.08271167408750002,0.4489349108056091,0.7673456216229738,-0.7673456216229738,0.796631978379292,0.6227834445924505
7181,considering,misc,0.059332702375000004,0.2930003188762548,0.2248171110678603,-0.2248171110678603,0.9512602186361552,0.6221302687562049
6856,inappropriate,adjective,0.07004856305,0.3644736660395315,0.4794385090867616,-0.4794385090867616,0.8786895464200165,0.621581606229774
7460,salesman,noun,0.06412635465375001,0.3249733338202114,0.341923428649854,-0.341923428649854,0.9178832744601946,0.621428304140203
7082,instead,adverb,0.0893373105,0.49312701313417545,0.9369584241113079,-0.9369584241113079,0.7482899490415698,0.6207084810878726
7467,gasp,verb,0.07309120875,0.3847677029822012,0.5593286676740926,-0.5593286676740926,0.8559197299110907,0.6203437164466459
6935,morality,noun,0.052910916749999995,0.25016787383947137,0.09427081864806618,-0.09427081864806618,0.9884677442798788,0.6193178090596752
7412,correct,adjective,0.07038934612500002,0.36674664324272244,0.5056729404153137,-0.5056729404153137,0.8712123652736785,0.6189795042582005
7192,eight,number,0.086012613,0.4709517286808454,0.8764401896012167,-0.8764401896012167,0.7655384952906373,0.6182451119857414
7500,surgeon,noun,0.06549275924999998,0.3340870684081492,0.3963737491921285,-0.3963737491921285,0.9023641688591651,0.6182256186336572
6893,meteorology,noun,0.113453619375,0.6539795446103452,1.5187797741889748,-1.5187797741889748,0.5824626980196299,0.6182211213149875
7251,dinosaur,noun,0.0747351329625,0.39573245602571994,0.6135042094569295,-0.6135042094569295,0.8404789401132038,0.6181056980694619
7174,expense,noun,0.069208439125,0.3588701526332973,0.4854799998932495,-0.4854799998932495,0.8769676367438238,0.6179188946885605
6834,fully,adverb,0.06208911625000001,0.31138522810460734,0.320781089125529,-0.320781089125529,0.923909137971431,0.6176471830380192
6971,acid,noun,0.09720507712500001,0.545603956652132,1.144412671314606,-1.144412671314606,0.6891625768302259,0.6173832667411789
6852,rival,noun,0.07272448175,0.38232168329417954,0.5765413332811915,-0.5765413332811915,0.8510138786218522,0.6166677809580159
6824,character,noun,0.07320105925,0.3855003910191852,0.5891334942393264,-0.5891334942393264,0.8474249360094255,0.6164626635143053
6989,behind,adverb,0.06053821049999999,0.3010408956753997,0.30188670113695787,-0.30188670113695787,0.9292943037434819,0.6151675997094408
7280,perfectionist,noun,0.066126187125,0.3383119470050122,0.43332440946723433,-0.43332440946723433,0.8918327120536552,0.6150723295293337
7361,undetected,adjective,0.106309333625,0.6063281210681666,1.3753533745992026,-1.3753533745992026,0.6233412349876724,0.6148346780279195
6854,universally,adverb,0.06188524025,0.31002540264884565,0.3359190652046406,-0.3359190652046406,0.9195946023173168,0.6148100024830813
7122,destructive,adjective,0.06190375099999999,0.31014886685775317,0.33649959420141595,-0.33649959420141595,0.919429143405125,0.6147890051314391
6916,applause,noun,0.09285600062500002,0.5165962022634115,1.0632233435120646,-1.0632233435120646,0.712302674800191,0.6144494385318013
7044,hurt,adjective,0.052672522874999995,0.24857781880738,0.12393781852549231,-0.12393781852549231,0.980012232918728,0.614295025863054
6926,community,noun,0.054149901405000006,0.2584317345840763,0.1595304207471161,-0.1595304207471161,0.9698678417197091,0.6141497881518927
7304,glove,noun,0.070434671375,0.3670489565544351,0.5430048654932963,-0.5430048654932963,0.8605722426480434,0.6138105996012393
7324,experience,verb,0.09115872374999999,0.5052755941481817,1.0281546286987,-1.0281546286987,0.7222977507347478,0.6137866724414647
7092,stay,noun,0.07786526075,0.41660998670725863,0.7176760085236004,-0.7176760085236004,0.8107885152586845,0.6136992509829715
7268,hateful,adjective,0.08599269262499999,0.470818862463079,0.9104329202737014,-0.9104329202737014,0.7558500899383847,0.6133344762007318
7370,illustrator,noun,0.06457798312499999,0.32798563488435056,0.41187632707547,-0.41187632707547,0.8979457165734164,0.6129656757288835
6925,endurance,noun,0.05970570374999999,0.2954881878003021,0.29981740890244546,-0.29981740890244546,0.9298840810742114,0.6126861344372567
7354,neck,noun,0.0692450905,0.3591146123672222,0.5233581280818277,-0.5233581280818277,0.866171838565345,0.6126432254662836
7025,dance,noun,0.06526141875000001,0.3325440584371444,0.4344853590096031,-0.4344853590096031,0.8915018251393808,0.6120229417882626
7056,everyone,misc,0.05679708800000002,0.27608811256889076,0.23665773895737705,-0.23665773895737705,0.9478854734965514,0.6119867930327211
7351,quest,noun,0.058374649274999996,0.28661023375906897,0.27791864343813066,-0.27791864343813066,0.9361255365952864,0.6113678851771777
7494,disappoint,verb,0.069204308125,0.35884259941978647,0.5360660664867808,-0.5360660664867808,0.8625498977555617,0.6106962485876741
7288,sustain,verb,0.074408801,0.39355586579618745,0.6620401759623821,-0.6620401759623821,0.826645508424563,0.6101006871103752
6774,forgivable,adjective,0.087916776625,0.483652243548757,0.984051252216623,-0.984051252216623,0.7348678320523759,0.6092600378005665
7034,double,noun,0.090217354375,0.498996787229273,1.040433449613963,-1.040433449613963,0.7187981144324758,0.6088974508308744
6860,glance,noun,0.05365910975000001,0.2551582203600167,0.18542757048723849,-0.18542757048723849,0.9624867905600449,0.6088225054600308
6797,forbidden,adjective,0.0740883318125,0.3914183794861277,0.6670971449866919,-0.6670971449866919,0.8252042012747094,0.6083112903804185
6978,health,noun,0.07648356912499998,0.40739428969688124,0.7239159986798501,-0.7239159986798501,0.8090100304817393,0.6082021600893103
7349,use,verb,0.05729775158374999,0.2794274712278602,0.2752826307777913,-0.2752826307777913,0.9368768372016748,0.6081521542147675
7068,war,noun,0.066224819,0.33896980832451284,0.4875394210705566,-0.4875394210705566,0.8763806728029447,0.6076752405637288
7488,environmental,adjective,0.07770023849999999,0.4155093105299888,0.7601700461027124,-0.7601700461027124,0.7986771181165437,0.6070932143232662
6784,ending,noun,0.06369801862499999,0.3221163902098103,0.43491629743104054,-0.43491629743104054,0.8913790016407636,0.6067476959252869
7344,activity,noun,0.07960988462500002,0.42824639293435035,0.8083952796322428,-0.8083952796322428,0.7849322496873848,0.6065893213108676
7258,shooter,noun,0.103814285,0.5896864828486699,1.3765074359745484,-1.3765074359745484,0.6230123112976794,0.6063493970731746
7090,beginning,noun,0.08379585387499999,0.45616624393783023,0.9104073996943359,-0.9104073996943359,0.7558573636617021,0.6060118037997662
6866,neurologist,noun,0.0831762703,0.4520337049569948,0.8960229068887812,-0.8960229068887812,0.7599571460072135,0.6059954254821042
7391,month,noun,0.06443860800000001,0.32705602157589375,0.45962122433618163,-0.45962122433618163,0.8843377507227101,0.605696886149302
6837,copy,noun,0.06665438356250002,0.34183494608952997,0.5114795524519958,-0.5114795524519958,0.8695573993435604,0.6056961727165452
7505,reform,verb,0.0954005950875,0.5335683045446885,1.1852579459251937,-1.1852579459251937,0.6775211002755999,0.6055447024101441
7401,terrified,adjective,0.0624162034125,0.3135668554164064,0.4139199470046129,-0.4139199470046129,0.8973632562100451,0.6054650558132257
7058,movie,noun,0.08082477571249999,0.43634955282938664,0.8466965194622397,-0.8466965194622397,0.7740158587524483,0.6051827057909175
6985,cake,noun,0.07356382250000001,0.38791997302866565,0.6816877999622396,-0.6816877999622396,0.8210456598171267,0.6044828164228961
6998,edition,noun,0.08695157224999998,0.4772144603906731,1.0000931544326757,-1.0000931544326757,0.7302956647620288,0.6037550625763509
6870,plug,verb,0.06302790375,0.31764681426507174,0.4408587043863322,-0.4408587043863322,0.8896853322528696,0.6036660732589707
7410,crocodile,noun,0.09080838792624998,0.5029389013976838,1.0953082813596917,-1.0953082813596917,0.7031580171801646,0.6030484592889243
7332,film,verb,0.070939541375,0.3704163714431439,0.6315611284678345,-0.6315611284678345,0.835332464754222,0.6028744180986829
7485,under,preposition,0.06482390475000001,0.32962589899487504,0.48852508547430434,-0.48852508547430434,0.8760997446134209,0.602862821804148
6964,blink,verb,0.06989285150000002,0.36343509097701276,0.6093389259778418,-0.6093389259778418,0.8416661043672691,0.6025505976721409
6887,scope,noun,0.06809497649999999,0.3514435069196567,0.5699596220846557,-0.5699596220846557,0.852889758691561,0.6021666328056089
7479,exercise,verb,0.06234496124999999,0.3130916797895988,0.43717005713274387,-0.43717005713274387,0.890736648492761,0.6019141641411799
7444,runner,noun,0.09870484404999999,0.5556072000075262,1.2890244356715395,-1.2890244356715395,0.6479461942661592,0.6017766971368427
7224,workbook,noun,0.07774334249999999,0.4157968084034273,0.8002103467549438,-0.8002103467549438,0.7872650704383944,0.6015309394209108
7294,uncontrollable,adjective,0.07146676237499999,0.37393286449093815,0.6541682433016968,-0.6541682433016968,0.8288891197206713,0.6014109921058047
7000,biology,noun,0.07492817262500001,0.3970200045701251,0.7372325197917275,-0.7372325197917275,0.8052146350586192,0.6011173198143722
7482,shaped,adjective,0.071779804625,0.37602081412835947,0.6642506099464861,-0.6642506099464861,0.8260155037141814,0.6010181589212704
6846,gifted,adjective,0.06656772625,0.34125695348880497,0.5433006326724344,-0.5433006326724344,0.8604879448507,0.6008724491697525
7167,hierarchy,noun,0.07738999625,0.41344003651537814,0.7988093711469166,-0.7988093711469166,0.787664368150307,0.6005522023328426
7060,architectural,adjective,0.09773030362499999,0.5491071466536063,1.2756570255601958,-1.2756570255601958,0.6517560937683881,0.6004316202109972
6865,air,noun,0.05800994374999998,0.28417769703698326,0.3486465653740236,-0.3486465653740236,0.9159670861301086,0.600072391583546
6973,unemployed,adjective,0.057276088499999996,0.27928298137749263,0.33332229368580085,-0.33332229368580085,0.9203347186476023,0.5998088500125475
6915,indefinitely,adverb,0.062526463125,0.3143022728456401,0.46028001359834797,-0.46028001359834797,0.884149986536447,0.5992261296910436
7313,journey,noun,0.078953365375,0.4238674979768881,0.8448282013269246,-0.8448282013269246,0.7745483556441013,0.5992079268104947
6949,forced,adjective,0.08382423043750001,0.4563555117870844,0.9590672280612456,-0.9590672280612456,0.7419886296040625,0.5991720706955734
7487,horn,noun,0.06704757075000001,0.34445745166371144,0.5667838417410686,-0.5667838417410686,0.8537949006636738,0.5991261761636926
6874,pet,noun,0.07227701,0.37933710700082374,0.6976345298934326,-0.6976345298934326,0.8165006179637709,0.5979188624822973
7269,heavy,adjective,0.048271250749999994,0.21922192663120835,0.1388031977061767,-0.1388031977061767,0.9757753912067445,0.5974986589189765
7292,accident,noun,0.081320080625,0.43965316987298825,0.9140422300627747,-0.9140422300627747,0.7548213859894342,0.5972372779312112
6775,loudly,adverb,0.05511683387500001,0.2648810439030177,0.3106214509763031,-0.3106214509763031,0.9268047774412422,0.5958429106721299
7032,divert,verb,0.07004636937499999,0.3644590345227925,0.6603663611423951,-0.6603663611423951,0.827122569141364,0.5957908018320782
6791,dozen,number,0.059393814375,0.2934079276838265,0.4150400979770559,-0.4150400979770559,0.8970439974608346,0.5952259625723306
7493,fat,adjective,0.0642550375,0.325831631069768,0.5303734845759683,-0.5303734845759683,0.8641723634993184,0.5950019972845432
6979,rehabilitation,noun,0.062074571324999994,0.3112882154142114,0.47987079479901124,-0.47987079479901124,0.8785663389246078,0.5949272771694096
6902,aggressively,adverb,0.060094854625,0.29808377171384237,0.4358520330842844,-0.4358520330842844,0.8911123038459166,0.5945980377798794
7091,inverted,adjective,0.06590360375,0.33682734587808044,0.5734866898956095,-0.5734866898956095,0.8518844948606955,0.594355920369388
6904,mechanism,noun,0.069068414,0.3579362039124022,0.6486481477881533,-0.6486481477881533,0.8304624244202449,0.5941993141663235
7326,disposal,noun,0.053848507875,0.25642148033985007,0.2944339642459919,-0.2944339642459919,0.9314184383615287,0.5939199593506894
6990,swimming,noun,0.081382931625,0.4400723775762985,0.9460730754819133,-0.9460730754819133,0.7456921454707502,0.5928822615235244
7109,frequently,adverb,0.055778666874999994,0.26929538085716176,0.3513064798430277,-0.3513064798430277,0.9152089731727729,0.5922521770149674
7234,temptation,noun,0.06737981474999999,0.3466734743869552,0.6273618040764058,-0.6273618040764058,0.8365293311460913,0.5916014027665233
7073,pretended,adjective,0.07076963612500001,0.3692831263136655,0.7088404946408996,-0.7088404946408996,0.8133067607275708,0.5912949435206182
6888,conduct,verb,0.058231935850000006,0.2856583544393162,0.41610719494789633,-0.41610719494789633,0.8967398598467291,0.5911991071430227
6830,innocent,adjective,0.059632945374999996,0.2950028992403694,0.45210833018142765,-0.45210833018142765,0.8864790310052837,0.5907409651228266
6818,division,noun,0.055120251625000005,0.26490383983511084,0.3510283577150168,-0.3510283577150168,0.9152882418828852,0.590096040858998
6899,fire,noun,0.07440711424999999,0.39354461540091035,0.8077881622522379,-0.8077881622522379,0.7851052866619826,0.5893249510314464
7083,spotlight,noun,0.050785704999999993,0.23599299775531352,0.25634827455395004,-0.25634827455395004,0.9422733944817585,0.589133196118536
7271,enemy,noun,0.061152740375,0.3051397271580217,0.49987564936130774,-0.49987564936130774,0.8728646745929077,0.5890022008754647
7316,firm,noun,0.082796631875,0.44950156780352774,1.006827209640625,-1.006827209640625,0.7283763645108174,0.5889389661571726
7003,surgery,noun,0.073865399875,0.38993145349427594,0.7988663243714486,-0.7988663243714486,0.787648135681939,0.5887897945881075
7492,barn,noun,0.06268432187499999,0.3153551694429086,0.541289497679493,-0.541289497679493,0.8610611465513062,0.5882081579971074
6825,luxury,noun,0.05989375400000001,0.2967424576354586,0.4826843606980971,-0.4826843606980971,0.8777644331530986,0.5872534453942786
7241,unrecorded,adjective,0.1014582376,0.5739719640749984,1.4579222143567303,-1.4579222143567303,0.5998079567481679,0.5868899604115831
6806,professional,noun,0.0558259842875,0.2696109816243844,0.3967291635867259,-0.3967291635867259,0.9022628707682273,0.5859369261963059
6780,detailed,adjective,0.052366354999999996,0.2465357203251582,0.31600997916802975,-0.31600997916802975,0.9252689712750213,0.5859023458000897
7311,horribly,adverb,0.08294791800000001,0.45051062587744795,1.0353164799651082,-1.0353164799651082,0.7202565226024733,0.5853835742399607
6851,earthquake,noun,0.051470552875000006,0.24056084082536242,0.29878535511282334,-0.29878535511282334,0.9301782308898154,0.5853695358575889
7112,appearance,noun,0.06754733149375,0.34779078850150313,0.6812749492675069,-0.6812749492675069,0.8211633280597598,0.5844770582806315
7301,odds,noun,0.06857940374999999,0.3546745714197186,0.7103602408270873,-0.7103602408270873,0.8128736117338584,0.5837740915767885
7173,round,adverb,0.09606666831249999,0.5380109232283797,1.3537772011963947,-1.3537772011963947,0.6294907472434236,0.5837508352359017
6905,price,verb,0.07431887137500001,0.3929560473119025,0.8466920931193339,-0.8466920931193339,0.774017120322303,0.5834865838171027
6975,stumble,verb,0.054433066087499996,0.26032040487109465,0.3820143184412637,-0.3820143184412637,0.9064568081673272,0.5833886065192109
7512,overcome,verb,0.055660001,0.2685038954564514,0.4118228601868845,-0.4118228601868845,0.8979609553871066,0.583232425421779
7146,hysterical,adjective,0.0715401820875,0.37442256408290686,0.7835113041420594,-0.7835113041420594,0.7920245319652415,0.5832235480240742
7095,pile,verb,0.06887286687500001,0.35663193093090373,0.7227269107850152,-0.7227269107850152,0.809348937221407,0.5829904340761554
6794,city,noun,0.0625122987875,0.3142077986226002,0.5750710787572834,-0.5750710787572834,0.8514329217971666,0.5828203602098834
6855,annually,adverb,0.07403506262500001,0.39106308118142175,0.8477807091843669,-0.8477807091843669,0.7737068494643178,0.5823849653228698
7438,solar,adjective,0.0722370735,0.3790707359256897,0.805842004639501,-0.805842004639501,0.7856599688972298,0.5823653524114597
7514,craft,noun,0.06309807598,0.31811485358623537,0.5945762177867533,-0.5945762177867533,0.8458736834061621,0.5819942684961987
7424,determination,noun,0.078710401125,0.4222469591592242,0.9609864983610841,-0.9609864983610841,0.7414416106303727,0.5818442848947984
6840,broken,adjective,0.070780834125,0.3693578154651772,0.7765474369256182,-0.7765474369256182,0.7940093318644375,0.5816835736648074
7282,millennium,noun,0.052501882250000007,0.24743966882571436,0.3499393901818848,-0.3499393901818848,0.9155986129142117,0.581519140869963
6850,tightly,adverb,0.0526134949125,0.24818411024919151,0.3526546590940424,-0.3526546590940424,0.9148247231636408,0.5815044167064162
6970,bury,verb,0.059013453812500005,0.2908709739705139,0.5037755296050225,-0.5037755296050225,0.8717531539860347,0.5813120639782743
7516,brightly,adverb,0.066830755375,0.3430113223197694,0.688766420198433,-0.688766420198433,0.8190281536966664,0.5810197380082178
7159,four,number,0.064405123,0.32683268113667485,0.6336883045761312,-0.6336883045761312,0.8347261897070253,0.5807794354218501
7010,preserve,verb,0.07997701125,0.43069507806728824,0.9988907215611776,-0.9988907215611776,0.7306383750073512,0.5806667265373198
7231,slight,adjective,0.070894909375,0.370118682015543,0.7877204436249859,-0.7877204436249859,0.7908248681345339,0.5804717750750384
6771,herd,noun,0.08472548247125,0.46236674144408274,1.1144604340383097,-1.1144604340383097,0.6976993848535512,0.580033063148817
6941,diabetic,adjective,0.08812324212499999,0.48502934062068587,1.1943398169938966,-1.1943398169938966,0.6749326395509159,0.5799809900858008
7201,postman,noun,0.07011505200000001,0.36491713837927175,0.7733642683144429,-0.7733642683144429,0.794916579596512,0.5799168589878918
7430,goldfish,noun,0.06120863112500001,0.30551251093145076,0.569173073681244,-0.569173073681244,0.8531139360262636,0.5793132234788572
7423,prison,noun,0.06610798400000001,0.3381905346134144,0.6858319348579917,-0.6858319348579917,0.8198645232061466,0.5790275289097805
6811,pound,noun,0.10808775287499998,0.6181899378939162,1.671728688871541,-1.671728688871541,0.5388701105953055,0.5785300242446109
7374,garbage,noun,0.0544674687875,0.2605498662456897,0.4185223662753092,-0.4185223662753092,0.8960515021198797,0.5783006841827847
7134,disturbing,adjective,0.059205250300000005,0.2921502307051378,0.5339651882343852,-0.5339651882343852,0.8631486775447187,0.5776494541249282
7434,increasingly,adverb,0.04633324312499999,0.2062956768424388,0.23354092653762307,-0.23354092653762307,0.9487738087827176,0.5775347428125782
7022,permanently,adverb,0.074776700875,0.3960097084024606,0.900447844545451,-0.900447844545451,0.7586959766681182,0.5773528425352894
7111,gymnastic,adjective,0.08695796875,0.47725712418399746,1.1889222281839193,-1.1889222281839193,0.6764767284012233,0.5768669262926104
6783,junior,adjective,0.0717746405,0.37598637011027136,0.83529591912957,-0.83529591912957,0.7772651898622709,0.5766257799862711
7285,town,noun,0.063207561125,0.31884510475458655,0.6372618835876871,-0.6372618835876871,0.8337076695311725,0.5762763871428795
7472,availability,noun,0.063083279625,0.3180161638916098,0.6353652112406211,-0.6353652112406211,0.8342482477711448,0.5761322058313774
7053,synthetic,adjective,0.06677068483750001,0.3426106599267768,0.7275824604576622,-0.7275824604576622,0.807965037413832,0.5752878486703044
6898,temporary,adjective,0.057479744875,0.28064134196409013,0.5133039700753149,-0.5133039700753149,0.869037414713999,0.5748393783390445
6871,mechanically,adverb,0.0655538146,0.3344942993678525,0.7036578990262857,-0.7036578990262857,0.8147838732189139,0.5746390862933832
7018,reportedly,adverb,0.05050083675000001,0.23409296490255863,0.35542449298728435,-0.35542449298728435,0.914035281627605,0.5740641232650818
6996,plate,noun,0.06313164187499999,0.3183387335842067,0.6542415606390993,-0.6542415606390993,0.828868223250454,0.5736034784173303
7325,pointless,adjective,0.054624043250000004,0.26159419681834023,0.4557435114770508,-0.4557435114770508,0.8854429533138426,0.5735185750660914
7366,convertible,adjective,0.06199587025,0.3107632898458228,0.628513808777588,-0.628513808777588,0.8362009936371019,0.5734821417414624
6952,sketch,noun,0.060078651500000003,0.2979756990528235,0.5841994683777797,-0.5841994683777797,0.8488312026323025,0.573403450842563
6853,objective,adjective,0.07101205725,0.37090004256074394,0.8405090437322743,-0.8405090437322743,0.7757793761808276,0.5733397093707857
7310,return,verb,0.0528776244125,0.24994581843317387,0.41703548522908535,-0.41703548522908535,0.8964752840874184,0.5732105512602961
7436,liberty,noun,0.054761821875,0.26251316168686245,0.4666454265521139,-0.4666454265521139,0.8823357545018172,0.5724244580943398
7043,preliminary,adjective,0.051390104,0.24002425766642072,0.3888924559978639,-0.3888924559978639,0.9044964424244588,0.5722603500454397
6953,simple,adjective,0.049222970625,0.22556976999079606,0.3383804617067667,-0.3383804617067667,0.9188930697668731,0.5722314198788346
7020,fatal,adjective,0.07421770800000001,0.39228130122842153,0.9250879574650357,-0.9250879574650357,0.7516731986456556,0.5719772499370386
7506,demand,verb,0.046705184,0.20877647237434674,0.2825896818527565,-0.2825896818527565,0.9347942250859855,0.5717853487301662
7272,schoolmate,noun,0.066286121625,0.3393786885751554,0.7426237785835469,-0.7426237785835469,0.8036780506330461,0.5715283696041007
7199,frequency,noun,0.06351606125,0.32090275903012977,0.678455245995219,-0.678455245995219,0.8219669830687736,0.5714348710494517
6805,ant,noun,0.06798733500000001,0.35072555261509736,0.7888890539966938,-0.7888890539966938,0.7904917977763729,0.5706086751957351
7120,cruise,noun,0.057443604125000006,0.28040028803012873,0.5445528436004843,-0.5445528436004843,0.8601310471605921,0.5702656675953603
7418,objective,noun,0.070567851,0.36793724671249095,0.8525690729071401,-0.8525690729071401,0.7723420985954562,0.5701396726539736
6987,large,adjective,0.066012154125,0.33755136225645493,0.7463572648464559,-0.7463572648464559,0.802613954646153,0.570082658451304
7386,mill,noun,0.04227920149999999,0.17925576532567206,0.19116398490668232,-0.19116398490668232,0.96085183193611,0.570053798630891
6931,snowball,noun,0.077643221875,0.41512901732197705,1.0190278670114492,-1.0190278670114492,0.7248990059157877,0.5700140116188823
7252,counterpart,noun,0.04917532787500001,0.22525199926627487,0.3555644724371541,-0.3555644724371541,0.9139953855196874,0.5696236923929812
6878,defeat,verb,0.05152676375,0.2409357597894172,0.41077957972059753,-0.41077957972059753,0.898258304963134,0.5695970323762756
7036,detective,noun,0.04937580675,0.2265891663559149,0.3640813347937355,-0.3640813347937355,0.9115679602082313,0.5690785632820731
7253,fluently,adverb,0.05466012887499999,0.2618348830759775,0.4896084725829366,-0.4896084725829366,0.8757909640814017,0.5688129235786896
7274,human,adjective,0.083849702,0.4565254036776723,1.1734382645797525,-1.1734382645797525,0.6808898753561434,0.5687076395169078
6881,spare,verb,0.060026588624999995,0.29762844668998945,0.6177674883492431,-0.6177674883492431,0.8392638457909383,0.5684461462404639
7281,rip,verb,0.054940934850000005,0.26370782110171365,0.5003043409704387,-0.5003043409704387,0.8727424914673334,0.5682251562845235
6936,award,verb,0.050954028125,0.23711569032417087,0.41221604477454116,-0.41221604477454116,0.8978488922610172,0.567482291292594
7320,tolerant,adjective,0.060459936912500005,0.3005188213910491,0.6442218563253733,-0.6442218563253733,0.8317239796130833,0.5661214005020662
7049,scratch,verb,0.056762351749999995,0.2758564264607283,0.5588910328282267,-0.5588910328282267,0.8560444619846588,0.5659504442226935
7171,peasant,noun,0.0474899192875,0.21401055102988709,0.3469063660796101,-0.3469063660796101,0.9164630673538714,0.5652368091918792
6883,sake,noun,0.04031608,0.1661620093737553,0.1806313679059753,-0.1806313679059753,0.9638537756135996,0.5650078924936774
6976,above,preposition,0.061441026999999995,0.3070625601115356,0.6750115544833476,-0.6750115544833476,0.8229484834841588,0.5650055217978472
7148,sleepwalking,adjective,0.055759336625,0.26916645069364953,0.5443322147660726,-0.5443322147660726,0.8601939294750719,0.5646801900843608
7074,clarity,noun,0.07119123525,0.37209513568358554,0.9125660342460021,-0.9125660342460021,0.7552421225166049,0.5636686291000952
6773,stake,noun,0.07621802374999999,0.40562313781738213,1.037043355891388,-1.037043355891388,0.7197643387256307,0.5626937382715065
6785,so,adverb,0.06321317750000001,0.31888256521925185,0.7392311028395181,-0.7392311028395181,0.804645010838556,0.5617637880289039
7381,compensate,verb,0.06506277712500001,0.3312191455575075,0.7847203008907471,-0.7847203008907471,0.7916799509227915,0.5614495482401495
6880,genius,noun,0.05302409405,0.25092275118430046,0.5056430074107522,-0.5056430074107522,0.8712208966001082,0.5610718238922043
7397,deformed,adjective,0.06854695166199999,0.35445812036439567,0.8705879800439243,-0.8705879800439243,0.767206457154121,0.5608322887592583
7002,newly,adverb,0.042832056475,0.1829432335335508,0.26941945533643596,-0.26941945533643596,0.93854792449603,0.5607455790147904
7399,talented,adjective,0.046479030374999994,0.20726805816086513,0.35653475249732214,-0.35653475249732214,0.9137188420840132,0.5604934501224392
6923,handicap,noun,0.07417458112500001,0.3919936507818146,1.0081154766916098,-1.0081154766916098,0.7280091903196014,0.560001420550708
7077,surrounding,adjective,0.044276503950000004,0.19257750360955606,0.30940978665383395,-0.30940978665383395,0.9271501187796609,0.5598638111946085
7088,propose,verb,0.04971629062499999,0.22886014793541104,0.43863800299681976,-0.43863800299681976,0.8903182633179024,0.5595892056266567
7085,covered,adjective,0.064081376,0.3246733322587958,0.7794770616843287,-0.7794770616843287,0.793174347688972,0.5589238399738838
7403,controllable,adjective,0.07648612813125001,0.4074113579238439,1.0704827854216716,-1.0704827854216716,0.7102336319648552,0.5588224949443495
6911,laugh,verb,0.050552000000000014,0.23443421688783156,0.46965183317928055,-0.46965183317928055,0.8814788864161572,0.5579565516519944
7188,pitch,noun,0.059403708874999996,0.2934739226659334,0.679400869735372,-0.679400869735372,0.8216974670303716,0.5575856948481526
7006,status,noun,0.0711954625,0.37212333087163063,0.9591182971759186,-0.9591182971759186,0.7419740741895916,0.5570487025306111
7145,faster,adjective,0.093202570425,0.5189077761428198,1.477531385863444,-1.477531385863444,0.5942190676409841,0.556563421891902
7182,rehearsal,noun,0.03601351209499999,0.13746446104848858,0.14408103215207926,-0.14408103215207926,0.9742711343117438,0.5558677976801162
6968,touching,adjective,0.06641018174999999,0.34020615289670364,0.8561019087865601,-0.8561019087865601,0.7713351907841193,0.5557706718404114
6862,backup,noun,0.05835178775,0.2864577504670065,0.668417797627879,-0.668417797627879,0.8248277967357325,0.5556427736013695
7299,lean,adjective,0.06154953275,0.3077862788471716,0.746059721040877,-0.746059721040877,0.8026987588069683,0.55524251882707
7368,poetry,noun,0.056233031924999996,0.2723259345329177,0.6236479477059071,-0.6236479477059071,0.837587832338129,0.5549568834355233
7248,servant,noun,0.046529870262499995,0.20760715336182337,0.39920159683337975,-0.39920159683337975,0.9015581925906851,0.5545826729762543
7016,rabbit,noun,0.055418840500000004,0.26689538740830354,0.6078633788963521,-0.6078633788963521,0.8420866559957787,0.5544910217020411
7428,expanding,adjective,0.06547308202499999,0.3339558239681282,0.8506637947420654,-0.8506637947420654,0.7728851296143494,0.5534204767912387
7390,roadside,noun,0.068822118,0.3562934427710601,0.933558104695666,-0.933558104695666,0.7492590878007734,0.5527762652859167
7216,forgive,verb,0.06651987525,0.3409377937648372,0.881181312078125,-0.881181312078125,0.7641872088399096,0.5525625013023734
7408,threat,noun,0.0360504305875,0.13771070242015498,0.16928089876311395,-0.16928089876311395,0.9670888186307025,0.5523997605254287
6864,likely,adverb,0.05644319820000001,0.27372771527556333,0.6511676769174602,-0.6511676769174602,0.8297443232551246,0.551736019265344
7093,destroyer,noun,0.05591099055000001,0.27017796194402316,0.6388554778159307,-0.6388554778159307,0.8332534728089677,0.5517157173764954
6788,consciousness,noun,0.03090656875000001,0.10340183689624148,0.05380875616333003,-0.05380875616333003,1.0,0.5517009184481207
7197,productive,adjective,0.06634821525,0.339792844689242,0.885421167626414,-0.885421167626414,0.7629787904994533,0.5513858175943476
7419,cost,verb,0.060334305124999994,0.2996808742923452,0.7463636687160441,-0.7463636687160441,0.8026121294534379,0.5511465018728915
6955,overtime,noun,0.07116999506375,0.37195346650257427,1.0035659220102495,-1.0035659220102495,0.7293058772598164,0.5506296718811954
7035,backwards,adverb,0.05806698512499999,0.28455815532416107,0.7002631561651929,-0.7002631561651929,0.8157514225818003,0.5501547889529808
7341,remark,noun,0.07082558387500001,0.36965629026941604,0.9989857508070017,-0.9989857508070017,0.7306112903384926,0.5501337903039543
6922,interior,noun,0.06252647137499999,0.3143023278720287,0.8075747323566386,-0.8075747323566386,0.785166117177859,0.5497342225249439
6789,huge,adjective,0.052184119625,0.2453202349229271,0.5735899901346434,-0.5735899901346434,0.8518550528426833,0.5485876438828052
7116,multiple,adjective,0.044251043749999996,0.19240768750531234,0.38876478579193113,-0.38876478579193113,0.9045328302250858,0.5484702588651991
7245,miserably,adverb,0.058019032649999996,0.2842383187756131,0.7116159787411296,-0.7116159787411296,0.8125157088032391,0.5483770137894262
6827,stealing,noun,0.056417715624999996,0.27355774993308374,0.6764346251756438,-0.6764346251756438,0.8225428883631103,0.548050319148097
7365,remake,verb,0.0594007675,0.29345430409091755,0.7464978487461472,-0.7464978487461472,0.8025738862615523,0.5480140951762349
7469,breathing,noun,0.070368891875,0.36661021615062467,1.0111235468743567,-1.0111235468743567,0.727151848097252,0.5468810321239383
7342,scatter,verb,0.0569931325,0.27739570297463756,0.6985021451735026,-0.6985021451735026,0.8162533354313932,0.5468245192030154
7414,discourage,verb,0.04647005944999999,0.2072082232995929,0.4523924177247518,-0.4523924177247518,0.8863980620680786,0.5468031426838358
7378,alternative,adjective,0.05833291525,0.2863318734343304,0.7305624254490001,-0.7305624254490001,0.8071157055655092,0.5467237894999197
7333,amount,noun,0.039868281949999994,0.1631752567033555,0.2989836940848592,-0.2989836940848592,0.9301217014989658,0.5466484791011607
7124,permit,noun,0.07331518445,0.38626159072932215,1.0854812380967713,-1.0854812380967713,0.7059588624391882,0.5461102265842551
7163,soak,verb,0.0670289121625,0.3443330013985941,0.9391900284826621,-0.9391900284826621,0.7476539104736816,0.5459934559361378
6829,extra,adjective,0.05881194175,0.28952691565943006,0.7506026027396443,-0.7506026027396443,0.8014039737604521,0.5454654447099411
7317,noble,adjective,0.0449189501625,0.19686253330267908,0.42769817691556805,-0.42769817691556805,0.8934362672987979,0.5451494003007384
6948,profound,adjective,0.04307341013750001,0.1845530299495528,0.3846406991872661,-0.3846406991872661,0.9057082527917152,0.545130641370634
6799,synonymous,adjective,0.0687926955,0.3560971986595799,0.9867537112128092,-0.9867537112128092,0.7340975933076526,0.5450973959836163
6901,lottery,noun,0.0416893065,0.17532124514072386,0.3535488208535054,-0.3535488208535054,0.9145698745120385,0.5449455598263812
7012,bow,noun,0.06538232212499999,0.3333504676614399,0.9097975196233264,-0.9097975196233264,0.7560311880420125,0.5446908278517262
7435,enthusiastic,adjective,0.05577091449999999,0.2692436735602381,0.6857116852292228,-0.6857116852292228,0.8198987960381293,0.5445712347991837
7450,selfish,adjective,0.042281211000000006,0.17926916841997143,0.37149084411178585,-0.37149084411178585,0.9094561460551932,0.5443626572375824
7389,alongside,preposition,0.059159851624999996,0.291847427658566,0.7691445715971884,-0.7691445715971884,0.7961192523871808,0.5439833400228734
7504,sugar,noun,0.056032718375,0.27098987013875664,0.7008543548529461,-0.7008543548529461,0.8155829226579236,0.5432863963983401
7306,footstep,noun,0.0653167190625,0.3329129040719865,0.9210067572380588,-0.9210067572380588,0.752836397992705,0.5428746510323457
7017,noun,noun,0.04786255019999999,0.21649594901896466,0.516139586249593,-0.516139586249593,0.8682292243045698,0.5423625866617673
7286,adventure,noun,0.05800334782499999,0.2841337031057737,0.7562026263009848,-0.7562026263009848,0.799807888445413,0.5419707957755933
7131,earth,noun,0.0801038124,0.43154082465634164,1.2751227165824381,-1.2751227165824381,0.6519083793264312,0.5417246019913864
6950,endure,verb,0.04553426625,0.20096660871676492,0.4686694532094046,-0.4686694532094046,0.8817588784959285,0.5413627436063467
7431,picture,verb,0.05451542687500001,0.26086974022885673,0.6790138909457702,-0.6790138909457702,0.8218077614169128,0.5413387508228847
7513,channel,noun,0.0740545875,0.391193309467466,1.1428181675303968,-1.1428181675303968,0.6896170327886472,0.5404051711280566
7372,gentle,adjective,0.051869454375000006,0.243221460094141,0.6260131455554937,-0.6260131455554937,0.836913717753871,0.540067588924006
6960,necessary,adjective,0.04217002087500001,0.17852754526469905,0.40146255936704495,-0.40146255936704495,0.9009137865344768,0.5397206658995879
7256,initiate,verb,0.07123270150000001,0.3723717099851463,1.0897232093506877,-1.0897232093506877,0.7047498410929328,0.5385607755390396
7232,endorsement,noun,0.04645222225000001,0.2070892515784512,0.5134486113896078,-0.5134486113896078,0.8689961899092885,0.5380427207438698
7319,failure,noun,0.043544719499999995,0.18769659990710677,0.4459467967767817,-0.4459467967767817,0.8882351545068291,0.537965877206968
6816,option,noun,0.055784388175000005,0.2693335411574427,0.7358355497080282,-0.7358355497080282,0.8056127911398783,0.5374731661486605
6906,shining,adjective,0.05030187825,0.23276593850935803,0.6110392854479065,-0.6110392854479065,0.841181478052624,0.536973708280991
6943,homeowner,noun,0.07980682744999999,0.4295599750468334,1.3028833451634572,-1.3028833451634572,0.6439962105419461,0.5367780927943897
7037,steep,adjective,0.080200552875,0.43218607059263364,1.3134539675384496,-1.3134539675384496,0.6409834347993542,0.5365847526959939
7358,listen,verb,0.04412091728750001,0.19153976152983856,0.4850216716210327,-0.4850216716210327,0.8770982667343479,0.5343190141320933
7230,alike,adverb,0.04724551437499999,0.21238040318742055,0.5588954946767769,-0.5588954946767769,0.8560431902951969,0.5342117967413087
7466,blame,verb,0.04731064625,0.212814824019723,0.5609800705140991,-0.5609800705140991,0.8554490569231511,0.5341319404714371
7259,gear,noun,0.06528840387500001,0.33272404558571467,0.9842644437970581,-0.9842644437970581,0.7348070694596662,0.5337655575226905
7284,similar,adjective,0.04345937499999998,0.18712736358890714,0.47515795401894123,-0.47515795401894123,0.8799095646947841,0.5335184641418456
6885,portray,verb,0.06837090524999999,0.3532839145116562,1.0616482803431804,-1.0616482803431804,0.7127515899103827,0.5330177522110194
6942,score,verb,0.04580209450000001,0.20275298706498693,0.5348293587146453,-0.5348293587146453,0.8629023768286368,0.5328276819468118
6924,motherhood,noun,0.058218355124999996,0.28556777283303236,0.8268326777985434,-0.8268326777985434,0.7796773324288372,0.5326225526309347
6795,praise,verb,0.06384787487499999,0.3231159112100996,0.9604104056332842,-0.9604104056332842,0.7416058051436405,0.5323608581768701
7219,photographer,noun,0.048059105875,0.21780694889310104,0.5938191971662597,-0.5938191971662597,0.846089444908291,0.5319481969006961
7289,thoughtful,adjective,0.049393204999999996,0.22670521033968785,0.6261312922086893,-0.6261312922086893,0.8368800442994434,0.5317926273195657
7459,imaginable,adjective,0.08427744581249999,0.4593783972854635,1.4454571391996052,-1.4454571391996052,0.6033606781235729,0.5313695377045182
6947,proposed,adjective,0.061402950375,0.30680859415210693,0.9189761030547904,-0.9189761030547904,0.7534151629365192,0.5301118785443131
6857,afford,verb,0.0511494855,0.2384193646852597,0.6851016179397788,-0.6851016179397788,0.8200726737783212,0.5292460192317905
7001,cattle,noun,0.06790008024999998,0.3501435751867284,1.0779586697463786,-1.0779586697463786,0.7081029000033026,0.5291232375950154
7063,related,adjective,0.0489701314125,0.22388336650351834,0.6381069436097818,-0.6381069436097818,0.8334668155638958,0.528675091033707
7335,appointment,noun,0.039696731124999995,0.1620310358103033,0.42132281156508133,-0.42132281156508133,0.8952533359061815,0.5286421858582424
7309,vitality,noun,0.060655922375,0.30182601802462394,0.9155131211341553,-0.9155131211341553,0.7544021613891557,0.5281140897068899
7384,widespread,adjective,0.05029921174999999,0.23274815331356352,0.6752766577842101,-0.6752766577842101,0.8228729253225118,0.5278105393180377
7491,elderly,adjective,0.061275212625000006,0.3059566005672234,0.935049435922282,-0.935049435922282,0.7488340374693617,0.5273953190182925
7483,manifest,verb,0.06283104225000001,0.31633377457938333,0.9719489096930135,-0.9719489096930135,0.7383171695360351,0.5273254720577092
7202,cause,noun,0.047381240375,0.213285677323703,0.6117596497176919,-0.6117596497176919,0.8409761641249432,0.5271309207243231
7449,parent,noun,0.046690419500000004,0.20867799514828,0.5973118865052388,-0.5973118865052388,0.8450939794244628,0.5268859872863714
7417,emerge,verb,0.0539472312,0.25707995161853137,0.7768209728158468,-0.7768209728158468,0.7939313702964641,0.5255056609574977
7490,prove,verb,0.048650479375,0.22175133047387985,0.6531080831099841,-0.6531080831099841,0.8291912802553632,0.5254713053646215
7290,build,verb,0.06460049625000001,0.32813579439534635,1.0362343588607177,-1.0362343588607177,0.7199949142341834,0.5240653543147649
7105,supervise,verb,0.04688511736249999,0.2099766036633081,0.6249743533982239,-0.6249743533982239,0.8372097880988322,0.5235931958810701
7137,calm,adjective,0.0523659918625,0.24653329824695167,0.7582030452238464,-0.7582030452238464,0.7992377409751867,0.5228855196110692
7156,style,noun,0.07268179562499999,0.3820369725906988,1.2354617167669117,-1.2354617167669117,0.6632123209423797,0.5226246467665392
6966,basics,noun,0.052015644125,0.24419652603334635,0.7537457620465856,-0.7537457620465856,0.8005081292416414,0.5223523276374938
7184,train,verb,0.046598393749999995,0.20806419579261495,0.6322681772310265,-0.6322681772310265,0.8351309459328125,0.5215975708627137
7101,juice,noun,0.048174547125,0.21857692647945226,0.6701076195480752,-0.6701076195480752,0.8243461737707014,0.5214615501250768
6835,relay,noun,0.07824893150000001,0.41916901892527925,1.3745571157030845,-1.3745571157030845,0.6235681799490895,0.5213685994371844
7189,delay,noun,0.03389663741250001,0.12334519208146529,0.33727259250433345,-0.33727259250433345,0.919208828039248,0.5212770100603566
7023,difficult,adjective,0.05054221349999999,0.23436894225117572,0.7283712202014163,-0.7283712202014163,0.8077402298160942,0.521054586033635
7463,orange,adjective,0.07715828675,0.41189456536408126,1.35690935810909,-1.35690935810909,0.6285980385613988,0.52024630196274
7312,tale,noun,0.061765170125000005,0.3092245510898025,0.997720264339264,-0.997720264339264,0.7309719717437425,0.5200982614167725
7363,fracture,noun,0.05611839725000001,0.27156133669316246,0.8712809540456136,-0.8712809540456136,0.7670089498372883,0.5192851432652253
7161,parody,verb,0.065266254,0.3325763089032854,1.0885789458538717,-1.0885789458538717,0.7050759722500249,0.5188261405766552
7166,guard,noun,0.035753404025000005,0.1357295752608774,0.40204077732974497,-0.40204077732974497,0.9007489862994336,0.5182392807801555
6997,firm,adjective,0.05196562499999999,0.24386290520769768,0.7952674019323579,-0.7952674019323579,0.788673879090351,0.5162683921490243
7475,frontier,noun,0.047796189875,0.2160533345906474,0.6977886028742422,-0.6977886028742422,0.8164567050017234,0.5162550197961854
6889,bit,noun,0.047351358125,0.21308636674165587,0.688159138059326,-0.688159138059326,0.8192012376299208,0.5161438021857884
6986,powerful,adjective,0.03919176996249999,0.15866301288000006,0.5022230437779845,-0.5022230437779845,0.8721956342369122,0.5154293235584562
7160,reward,noun,0.039058806249999994,0.15777616282923357,0.5009021249412842,-0.5009021249412842,0.8725721146453466,0.5151741387372901
6831,might,verb,0.07681118025000001,0.4095794117679723,1.3850791429952087,-1.3850791429952087,0.6205692544871794,0.5150743331275758
7119,paintball,noun,0.07038036549999996,0.36668674368375653,1.2357284796905315,-1.2357284796905315,0.6631362897649531,0.5149115167243548
7413,judicial,adjective,0.0564920951,0.2740538510116373,0.9240064807470704,-0.9240064807470704,0.7519814346895212,0.5130176428505793
7204,neatly,adverb,0.03513418475,0.13159946611196688,0.4253148845519002,-0.4253148845519002,0.8941155390735372,0.5128575025927521
7432,vulnerable,adjective,0.05336251262499999,0.2531799574910142,0.8529554028145346,-0.8529554028145346,0.7722319891494515,0.5127059733202328
7078,demographically,adverb,0.037219963999999994,0.14551133273309658,0.4767948593599855,-0.4767948593599855,0.8794430236975308,0.5124771782153137
7388,beam,noun,0.06137242337500001,0.30660498317441454,1.0445171335080463,-1.0445171335080463,0.7176342072054411,0.5121195951899278
6790,joy,noun,0.04832122507499999,0.21955524864689188,0.739538074540334,-0.739538074540334,0.8045575195952713,0.5120563841210816
7277,house,verb,0.05872252075000001,0.28893048963537793,0.9929556833692575,-0.9929556833692575,0.7323299441942588,0.5106302169148184
7176,joint,adjective,0.052320926749999996,0.24623272001732058,0.8437623206797179,-0.8437623206797179,0.7748521465888993,0.51054243330311
7314,dim,adjective,0.037333733249999994,0.14627015830468376,0.49419657546567786,-0.49419657546567786,0.8744832903627434,0.5103767243337136
7330,reach,verb,0.04731025737500002,0.21281223027585866,0.7342048348125864,-0.7342048348125864,0.8060775677732479,0.5094448990245533
7076,unsuccessfully,adverb,0.05686383125000001,0.27653328105537395,0.9579443536152549,-0.9579443536152549,0.7423086645814599,0.5094209728184169
7237,surely,adverb,0.053733424499999995,0.2556538897315393,0.8910235293362433,-0.8910235293362433,0.7613820387792775,0.5085179642554084
6769,universal,adjective,0.05365834362500001,0.25515311040947175,0.8952342588622564,-0.8952342588622564,0.7601819217639729,0.5076675160867223
7041,wave,verb,0.05194676712499999,0.2437371257218015,0.860300533158732,-0.860300533158732,0.7701385239075633,0.5069378248146824
6844,rise,verb,0.035872683375000006,0.13652515245719626,0.49022178201149497,-0.49022178201149497,0.8756161622860565,0.5060706573716264
6832,pursue,verb,0.055474003875,0.26726331968846756,0.951240967746882,-0.951240967746882,0.7442192236404274,0.5057412716644475
6803,climb,verb,0.0456660671,0.20184570263130622,0.7239933290665284,-0.7239933290665284,0.8089879902361525,0.5054168464337294
7140,spokesman,noun,0.06483969887499999,0.32973124368099044,1.1737980187596844,-1.1737980187596844,0.6807873403654734,0.5052592920232319
7350,music,noun,0.07903779575000001,0.4244306372044801,1.5116176960504557,-1.5116176960504557,0.5845039908136405,0.5044673140090603
7183,genetically,adverb,0.061280628625000014,0.3059927245576314,1.097057447469584,-1.097057447469584,0.702659480288135,0.5043261024228831
7141,deserved,adjective,0.057827953,0.28296384325054874,1.0183341833840434,-1.0183341833840434,0.7250967154859097,0.5040302793682292
6940,crowd,verb,0.05087692337500001,0.2366014120284905,0.8629369687998758,-0.8629369687998758,0.7693871027457088,0.5029942573870996
7456,run,noun,0.046980340625000006,0.21061172999660965,0.7749755527710773,-0.7749755527710773,0.7944573409109217,0.5025345354537657
7157,prefer,verb,0.06840628675375,0.3535199043754087,1.2787842381067096,-1.2787842381067096,0.6508647943001226,0.5021923493377656
7387,everybody,misc,0.04253046925000001,0.18093168736976742,0.6738503624154459,-0.6738503624154459,0.8232794395216142,0.5021055634456908
6983,dilemma,noun,0.06677672887500001,0.34265097284270646,1.2417933218442918,-1.2417933218442918,0.6614077246270361,0.5020293487348713
6894,mistake,noun,0.054529977875,0.2609667934386842,0.9557623467819418,-0.9557623467819418,0.7429305671548719,0.5019486802967781
7291,blank,adjective,0.039658959750000014,0.1617791058272543,0.6081154980005722,-0.6081154980005722,0.8420147985124167,0.5018969521698355
6819,back,noun,0.033682060999999985,0.12191399631578644,0.4715653105428467,-0.4715653105428467,0.8809335185106129,0.5014237574131997
7441,unwanted,adjective,0.041235657,0.17229546408707583,0.654377807445109,-0.654377807445109,0.8288293909984267,0.5005624275427513
6962,great,adverb,0.04705288400000002,0.21109558453550525,0.7929651958531903,-0.7929651958531903,0.7893300401359081,0.5002128123357067
7503,prepared,adjective,0.041647534624999996,0.1750426323615841,0.6665001536104466,-0.6665001536104466,0.8253743521961106,0.5002084922788473
7094,surname,noun,0.063629205125,0.32165741343471155,1.1816255038323569,-1.1816255038323569,0.6785563972558002,0.5001069053452558
7238,monthly,adjective,0.059191041125,0.2920554574220129,1.079857129764399,-1.079857129764399,0.7075618122520171,0.499808634837015
7264,closet,noun,0.0659787910875,0.3373288352906815,1.2393596645664824,-1.2393596645664824,0.662101351109211,0.4997150931999462
6927,holder,noun,0.047073148375,0.211230745186931,0.8082296209991812,-0.8082296209991812,0.7849794647229366,0.49810510495493376
7084,position,verb,0.044639049749999986,0.19499563525682914,0.7514236312947998,-0.7514236312947998,0.8011699690985506,0.4980828021776899
7501,holiday,noun,0.071430096,0.37368830470903397,1.3796264985100863,-1.3796264985100863,0.622123334696933,0.49790581970298353
7200,card,noun,0.047605660962500004,0.21478253241051795,0.8236367932997233,-0.8236367932997233,0.7805882043673665,0.49768536838894223
7337,swear,verb,0.040343124875000004,0.16634239504677667,0.6546923254556376,-0.6546923254556376,0.8287397489509564,0.49754107199886655
7103,connect,verb,0.0463629003,0.2064934862045559,0.7958090168847859,-0.7958090168847859,0.7885195112269829,0.4975064987157694
7150,dairy,noun,0.0407850275,0.16928982602660209,0.6660547942033183,-0.6660547942033183,0.8255012858780577,0.49739555595232987
7143,polarization,noun,0.056482328375000015,0.27398870827156785,1.0339476670880938,-1.0339476670880938,0.7206466534846219,0.49731768087809486
7359,discover,verb,0.030994113875000003,0.1039857510867437,0.4418960268672714,-0.4418960268672714,0.8893896807862908,0.4966877159365172
7067,ship,noun,0.059018394125,0.2909039251893769,1.0986582313035889,-1.0986582313035889,0.7022032344273773,0.4965535798083771
7071,retain,verb,0.05998508635,0.2973516321065318,1.1226228881255036,-1.1226228881255036,0.6953729708732265,0.49636230148987914
7295,expire,verb,0.057025151299999986,0.27760926405736885,1.0572875055274251,-1.0572875055274251,0.7139944719392491,0.495801867998309
6896,magazine,noun,0.054849591625,0.26309857409585535,1.0071878865029145,-1.0071878865029145,0.7282735665427251,0.49568607031929024
6868,lock,verb,0.067273514875,0.3459644685404148,1.3001650341487225,-1.3001650341487225,0.6447709673344494,0.49536771793743206
7011,marked,adjective,0.07322714262499999,0.3856743636167306,1.4408134085302529,-1.4408134085302529,0.6046842065421882,0.4951792850794594
7007,defy,verb,0.03759298749999999,0.1479993492279135,0.6084116081331991,-0.6084116081331991,0.8419304029685152,0.4949648760982143
7509,bitter,adjective,0.061187524625,0.3053717334197179,1.1612040629061178,-1.1612040629061178,0.6843767945482907,0.4948742639840043
7402,payroll,noun,0.06897928874999999,0.3573417505010094,1.3456032219987792,-1.3456032219987792,0.6318204460419811,0.4945810982714952
7118,keyword,noun,0.09688123524999998,0.5434439749707834,1.9996409686352077,-1.9996409686352077,0.4454105083956142,0.49442724168319885
7296,herb,noun,0.05358747062500001,0.25468039704680917,0.9925960999001567,-0.9925960999001567,0.7324324305299457,0.49355641378837745
7117,cruel,adjective,0.05688234012499999,0.276656732758284,1.081241961257609,-1.081241961257609,0.7071671158394208,0.49191192429885244
6843,menu,noun,0.03773660025000001,0.14895722692426797,0.6372695807156575,-0.6372695807156575,0.8337054757416666,0.4913313513329673
6793,dating,noun,0.042127668887500004,0.1782450632133315,0.741796429617302,-0.741796429617302,0.8039138567008192,0.49107945995707536
6863,covering,noun,0.054525572249999994,0.26093740851341807,1.0351462991658427,-1.0351462991658427,0.7203050265188646,0.49062121751614135
6792,clock,noun,0.04689308437499999,0.21002974256344284,0.8602104686036377,-0.8602104686036377,0.7701641935698812,0.49009696806666203
7433,whenever,adverb,0.04381612475,0.18950683636346927,0.7922218182122395,-0.7922218182122395,0.789541913197379,0.4895243747804241
7480,reduction,noun,0.03472263225,0.12885446637741088,0.5881799681883036,-0.5881799681883036,0.8476967043173397,0.48827558534737525
6847,seemingly,adverb,0.053649727312500006,0.25509564076580454,1.0332810863030397,-1.0332810863030397,0.7208366383642673,0.4879661395650359
6928,conclusive,adjective,0.07614653475000002,0.40514631581770144,1.5610819891821137,-1.5610819891821137,0.5704059730068491,0.4877761444122753
7376,public,adjective,0.058898032912499995,0.29010113211592126,1.160208659300176,-1.160208659300176,0.6846604985471362,0.4873808153315287
7097,surviving,adjective,0.0600196565,0.29758221035006954,1.191706944298879,-1.191706944298879,0.6756830452231161,0.4866326277865928
7128,voluntary,adjective,0.0531181892875,0.25155035374280876,1.0335634782512615,-1.0335634782512615,0.7207561526954652,0.486153253219137
7015,repeated,adjective,0.03998692449999999,0.163966586529458,0.7275043402343928,-0.7275043402343928,0.807987302773933,0.4859769446516955
6930,speech,noun,0.037319371124999993,0.14617436486566282,0.6670883825444539,-0.6670883825444539,0.8252066986937339,0.48569053177969834
7229,deeply,adverb,0.06602344537499999,0.3376266733729049,1.3428214463415171,-1.3428214463415171,0.6326132911483733,0.4851199822606391
7260,advancing,adjective,0.06348407958749999,0.32068944564952045,1.2845492906236167,-1.2845492906236167,0.649221673416456,0.4849555595329882
7138,excessive,adjective,0.031619729875,0.10815852552969814,0.5401105414979755,-0.5401105414979755,0.8613971656104731,0.48477784557008563
7154,amount,verb,0.08970094468749999,0.49555240417945634,1.910736294159279,-1.910736294159279,0.47074958845751924,0.4831509963184878
7099,pipeline,noun,0.05743539162500002,0.28034551176143885,1.1559683837666828,-1.1559683837666828,0.6858690365892703,0.4831072741753546
7196,attacker,noun,0.055055629575,0.2644728194668796,1.1039337412705688,-1.1039337412705688,0.7006996400414952,0.4825862297541874
7212,grade,verb,0.04792600875000001,0.21691920899893166,0.937125500079422,-0.937125500079422,0.748242330045635,0.48258076952228335
6958,arrow,noun,0.051145285750000005,0.23839135291851016,1.0157662516396624,-1.0157662516396624,0.7258286120756889,0.4821099824970996
7133,wasting,adjective,0.04840906475000001,0.22014112744621528,0.952243646376831,-0.952243646376831,0.7439334461576301,0.4820372868019227
7323,question,noun,0.04741918400000001,0.21353875619104826,0.9350059630949299,-0.9350059630949299,0.7488464278353272,0.4811925920131877
7364,familiarity,noun,0.04191156285000001,0.17680366505495937,0.8170384140587972,-0.8170384140587972,0.7824688350636738,0.4796362500593166
7247,inclusive,adjective,0.028038749499999994,0.08427386882411282,0.5052402653960164,-0.5052402653960164,0.87133568372706,0.47780477627558643
7476,wolf,noun,0.099735276825,0.5624800478066596,2.1831914854301555,-2.1831914854301555,0.3930960348554124,0.47778804133103603
7165,spa,noun,0.020889238625000004,0.03658759440206347,0.33858478167456085,-0.33858478167456085,0.918834835708285,0.4777112150551742
7465,still,adjective,0.06586358187500001,0.3365604053631974,1.3916788966701974,-1.3916788966701974,0.6186882320578732,0.4776243187105353
6967,zone,noun,0.04734654487499999,0.21305426301255115,0.9612989033816731,-0.9612989033816731,0.7413525708146925,0.47720341691362184
6776,soda,noun,0.06356449725,0.32122582062529187,1.3432460302712095,-1.3432460302712095,0.6324922787690929,0.4768590496971924
7383,shave,verb,0.051376281375,0.23993206261972347,1.0691248522391688,-1.0691248522391688,0.7106206619813643,0.4752763623005439
7089,package,noun,0.02489125813749999,0.06328052543637996,0.457673174965922,-0.457673174965922,0.8848929721354033,0.47408674878589163
6982,disturbed,adjective,0.054264636000000005,0.2591969988767714,1.1490072020408733,-1.1490072020408733,0.6878530710859436,0.4735250349813575
6969,manipulator,noun,0.049653515000000016,0.22844144297319716,1.042022538519755,-1.042022538519755,0.7183452017904048,0.473393322381801
6787,concluding,adjective,0.05243987581249999,0.24702609424050756,1.1080720368420207,-1.1080720368420207,0.6995201677198994,0.4732731309802035
7149,requirement,noun,0.03424935075000002,0.12569774252839952,0.6832575038850021,-0.6832575038850021,0.8205982721673004,0.47314800734784995
7139,purchase,noun,0.05529240481250001,0.26605207840489353,1.1796438395717672,-1.1796438395717672,0.6791211993840448,0.47258663889446917
7339,undecided,adjective,0.0358718644625,0.13651969042113735,0.7255810126932779,-0.7255810126932779,0.8085354781183327,0.472527584269735
6882,pose,verb,0.0234077707375,0.05338586431971271,0.4343366294053344,-0.4343366294053344,0.8915442151641163,0.4724650397419145
7127,resolve,verb,0.060761631812499994,0.30253108573257753,1.3090271308016457,-1.3090271308016457,0.6422451454029426,0.47238811556776006
6907,lot,adverb,0.04914649343750001,0.22505967745245142,1.0482787100954056,-1.0482787100954056,0.7165621050818132,0.47081089126713227
6992,appeal,verb,0.059269159625,0.2925764972936305,1.285377669309855,-1.285377669309855,0.6489855738640319,0.4707810355788312
7250,beating,noun,0.0403541725,0.1664160812172955,0.8444303201178691,-0.8444303201178691,0.7746617573732096,0.4705389192952526
7198,assault,noun,0.03693941565375,0.14364011305641775,0.7700770013050743,-0.7700770013050743,0.795853496833162,0.4697468049447899
6954,require,verb,0.027994164125000002,0.08397649037898113,0.564444081825774,-0.564444081825774,0.85446176507962,0.4692191277293006
6991,newsletter,noun,0.03161416287499999,0.10812139438963142,0.65228289830542,-0.65228289830542,0.8294264695066819,0.46877393194815664
7009,oil,noun,0.04121092087500001,0.1721304774655417,0.8822327106482137,-0.8822327106482137,0.7638875454903558,0.4680090114779487
7029,fear,verb,0.021125193875000014,0.038161384133913304,0.41499434505073035,-0.41499434505073035,0.8970570376870102,0.46760921091046176
7008,circular,adjective,0.040837099125,0.1696371367507573,0.8792864317080586,-0.8792864317080586,0.7647272763412855,0.4671822065460214
6918,priceless,adjective,0.05503915349999999,0.2643629262661299,1.2134919511262103,-1.2134919511262103,0.6694740125102596,0.46691846938819476
6842,lamp,noun,0.0802759560125,0.4326889993621642,1.8059991536648254,-1.8059991536648254,0.5006011435538996,0.4666450714580319
7194,gentleman,noun,0.0533934085,0.25338602881526545,1.1778250826099292,-1.1778250826099292,0.6796395706456329,0.4665127997304491
7406,everything,misc,0.04188454774999999,0.17662347797717692,0.91082841812146,-0.91082841812146,0.755737367500698,0.46618042273893745
7209,boomerang,noun,0.03839615037500002,0.15335633740968946,0.8328419250970356,-0.8328419250970356,0.7779646126049825,0.465660475007336
7115,scary,adjective,0.069648039125,0.36180222541456064,1.5647285904377848,-1.5647285904377848,0.5693666404665078,0.4655844329405342
7135,breaking,noun,0.052629553000000016,0.24829121552962358,1.1722145063467,-1.1722145063467,0.6812386636288245,0.46476493957922405
7293,peacefully,adverb,0.05156026524999999,0.24115921028141318,1.1500210914301274,-1.1500210914301274,0.6875640983793939,0.46436165433040355
7455,dimension,noun,0.04592863425,0.2035969901512536,1.029170206100952,-1.029170206100952,0.7220082969208014,0.4628026435360275
7338,whole,adjective,0.03246948499999999,0.11382627774250842,0.7151465916406048,-0.7151465916406048,0.8115094345723873,0.4626678561574479
7336,recall,verb,0.05710283287500001,0.27812738969809503,1.2917420449895831,-1.2917420449895831,0.6471716374670616,0.46264951358257833
7079,peaceful,adjective,0.04031606555,0.1661619129942019,0.9051314699974552,-0.9051314699974552,0.7573610776764972,0.46176149533534955
7462,committee,noun,0.07787841555,0.4166977274511689,1.784370706662661,-1.784370706662661,0.5067655545191623,0.4617316409851656
7110,intervention,noun,0.0449375817375,0.1969868033980603,1.018577571151652,-1.018577571151652,0.7250273465560318,0.46100707497704607
7486,powered,adjective,0.0445691570375,0.19452946027973664,1.03040902344753,-1.03040902344753,0.7216552165894007,0.45809233843456865
7164,discriminating,adjective,0.042768185874999996,0.18251722523559138,0.9994438261197104,-0.9994438261197104,0.7304807324449788,0.4564989788402851
6897,hearing,noun,0.083158031875,0.45191205711915233,1.9461185642455343,-1.9461185642455343,0.46066514486923166,0.456288600994192
7096,sunglasses,noun,0.07790446425,0.41687146877113546,1.830166686695333,-1.830166686695333,0.49371305743279736,0.4552922631019664
7464,smash,verb,0.06282748837499999,0.31631007071187744,1.4890903181275938,-1.4890903181275938,0.5909246097083953,0.4536173402101364
6875,unhappy,adjective,0.04509388487499999,0.19802932426951106,1.0758421121401571,-1.0758421121401571,0.7087061486283702,0.45336773644894063
6798,isolated,adjective,0.0388923029375,0.15666560816460345,0.9321445879261526,-0.9321445879261526,0.7496619599197332,0.4531637840421683
7458,obsession,noun,0.041387556250000006,0.1733086116221516,0.9994963675339356,-0.9994963675339356,0.730465757404471,0.4518871845133113
7407,teenage,adjective,0.0350478598125,0.13102369040771755,0.8549578504612656,-0.8549578504612656,0.771661263464448,0.45134247693608276
7440,eating,noun,0.055324999,0.2662694772447391,1.3382844798813984,-1.3382844798813984,0.6339063902688503,0.4500879337567947
7454,implication,noun,0.049524646625,0.22758190827187058,1.2103916117806806,-1.2103916117806806,0.6703576527390614,0.448969780505466
7169,drum,noun,0.0495964769375,0.22806100677994812,1.2219436873674316,-1.2219436873674316,0.6670651490557695,0.4475630779178588
7347,next,preposition,0.04690394567500001,0.21010218597131178,1.1793137369458415,-1.1793137369458415,0.6792152832656437,0.44465873461847777
7489,unnatural,adjective,0.06276220487500002,0.3158746385612507,1.5606779936245243,-1.5606779936245243,0.5705211174111086,0.4431978779861796
6959,quality,noun,0.055689305675,0.26869935369105397,1.3963545742740429,-1.3963545742740429,0.6173555983145308,0.44302747600279235
7075,execute,verb,0.0798829343,0.43006759748394147,1.9687661821756592,-1.9687661821756592,0.4542102558847582,0.44213892668434984
7502,assist,verb,0.044537754375,0.1943200087511301,1.143897341319814,-1.143897341319814,0.6893094531117411,0.4418147309314356
7498,inconvenience,noun,0.02632387938750001,0.07283591618475202,0.719088063776489,-0.719088063776489,0.8103860596924761,0.4416109879386141
7300,kingdom,noun,0.0511349738,0.23832257360113807,1.3010551836729531,-1.3010551836729531,0.6445172622262026,0.44141991791367036
7046,exchange,noun,0.051240815249999995,0.23902852181468318,1.3096501737744444,-1.3096501737744444,0.6420675694108723,0.4405480456127777
6934,variety,noun,0.03148344455,0.10724952077101271,0.8479066676182928,-0.8479066676182928,0.7736709495427385,0.4404602351568756
7026,standby,noun,0.047919064375,0.2168728909531618,1.232735830225464,-1.232735830225464,0.6639892368663239,0.44043106390974285
7451,constantly,adverb,0.053183725625,0.25198747228550084,1.3709169901714973,-1.3709169901714973,0.6246056668171758,0.43829656955133833
6945,umbrella,noun,0.065700841375,0.33547494815105183,1.6778971847202149,-1.6778971847202149,0.5371120026994897,0.43629347542527075
7283,wetland,noun,0.071434106875,0.373715056704977,1.812390970609922,-1.812390970609922,0.4987793860111431,0.43624722135806004
6845,copyright,noun,0.03292517925,0.11686569700320719,0.9188969830634969,-0.9188969830634969,0.7534377132445396,0.43515170512387336
7273,essential,adjective,0.035440253874999994,0.1336409059449913,0.9819151249404646,-0.9819151249404646,0.7354766583080489,0.4345587821265201
7227,simulate,verb,0.086653006,0.4752230637231827,2.1804870882631024,-2.1804870882631024,0.39386682600603634,0.4345449448646095
6777,breathless,adjective,0.09015230575000001,0.49856292166325605,2.267861822476013,-2.267861822476013,0.3689638003928211,0.4337633610280386
7261,biologist,noun,0.06197336625,0.3106131911973479,1.614605230409902,-1.614605230409902,0.5551510980226234,0.43288214460998564
7298,spring,verb,0.101181766,0.5721279357466265,2.539620781017273,-2.539620781017273,0.29150868289074466,0.4318183093186856
6828,cook,noun,0.05567853174999999,0.2686274930626647,1.4825856782180378,-1.4825856782180378,0.5927785233795683,0.4307030082211165
6817,production,noun,0.05311085149999999,0.25150141168866075,1.422797020039683,-1.422797020039683,0.6098191301340017,0.4306602709113312
6801,otherwise,adverb,0.049457226,0.22713222178538683,1.351953857365097,-1.351953857365097,0.6300104258271874,0.4285713238062871
7448,education,noun,0.0385948185,0.15468142704075646,1.0994605455222677,-1.0994605455222677,0.70197456361404,0.42832799532739824
7315,lower,verb,0.023681719874999996,0.055213068163011796,0.7624824656995632,-0.7624824656995632,0.7980180460750934,0.4266155571190526
6957,butterfly,noun,0.051893360374999996,0.24338090989375166,1.4383188353091836,-1.4383188353091836,0.605395194923188,0.4243880524084699
7507,bureau,noun,0.053109987125,0.2514956464238512,1.4670804779026694,-1.4670804779026694,0.5971977230952523,0.42434668475955173
7371,criticism,noun,0.04466664375,0.19517968351962764,1.2811278370159531,-1.2811278370159531,0.6501968357170181,0.4226882596183229
6980,swimsuit,noun,0.049085505375,0.22465289529130889,1.3847219863521831,-1.3847219863521831,0.6206710491433728,0.4226619722173408
7405,pleased,adjective,0.06145731095799999,0.30717117191777543,1.674358434660329,-1.674358434660329,0.538120596135269,0.4226458840265222
7360,lately,adverb,0.03824691449999999,0.15236095422707896,1.1312816543092958,-1.1312816543092958,0.6929051009793007,0.4226330276031898
6808,shiny,adjective,0.055934085875,0.27033200465059026,1.5458904397790985,-1.5458904397790985,0.5747357778102131,0.4225338912304017
7392,imperfect,adjective,0.02869118225,0.08862550737706944,0.9086439852360076,-0.9086439852360076,0.7563599615330211,0.42249273445504526
6848,crucial,adjective,0.053165829750000004,0.2518681092100132,1.496538086902069,-1.496538086902069,0.5888018910732793,0.42033500014164626
7395,producer,noun,0.03718570525,0.14528283148561003,1.1260758075867614,-1.1260758075867614,0.6943888403627456,0.41983583592417784
7170,bold,adjective,0.04756037525000001,0.21448048280860404,1.388542477289449,-1.388542477289449,0.6195821556031196,0.4170313192058618
7215,standing,noun,0.063273859,0.3192873026498165,1.7693467042698974,-1.7693467042698974,0.5110476060729707,0.4151674543613936
6994,shape,verb,0.06352344874999998,0.3209520326599557,1.7811224198636244,-1.7811224198636244,0.5076913618487544,0.4143216972543551
7377,zip,verb,0.07566705437500003,0.4019482463074936,2.079485641194102,-2.079485641194102,0.42265365604321964,0.4123009511753566
6929,speaking,noun,0.05147497375,0.2405903274660741,1.5159146821728617,-1.5159146821728617,0.5832792894576951,0.4119348084618846
7262,cheater,noun,0.050227574999999997,0.23227034584128614,1.4923129939968058,-1.4923129939968058,0.5900061018532697,0.41113822384727794
7126,highlight,noun,0.04444489,0.19370061587968668,1.3768997627294006,-1.3768997627294006,0.6229004926659795,0.40830055427283307
6972,show,noun,0.0313143706125,0.10612182038392275,1.0835267869018148,-1.0835267869018148,0.7065159084617738,0.40631886442284826
6813,unchallenged,adjective,0.06311302067499999,0.31821453268867794,1.8496141786629232,-1.8496141786629232,0.4881702492635436,0.40319239097611076
7426,enhance,verb,0.05444083549999999,0.2603722258058482,1.6467802117220955,-1.6467802117220955,0.5459807767513756,0.4031765012786119
7144,recommend,verb,0.015403731375,0.0,0.7445557573975145,-0.7445557573975145,0.8031274095544572,0.4015637047772286
7357,accidentally,adverb,0.03231913725,0.11282347850342936,1.149634106051023,-1.149634106051023,0.687674394644036,0.40024893657373267
6833,jail,verb,0.0276670509125,0.08179468931719126,1.0507832934950663,-1.0507832934950663,0.7158482636594155,0.39882147648830335
7098,construction,noun,0.040892535125000004,0.17000688740294595,1.3607241533786851,-1.3607241533786851,0.6275107683663742,0.3987588278846601
7100,magnificent,adjective,0.03593579275,0.13694608348695064,1.2490318189045462,-1.2490318189045462,0.6593446513677407,0.39814536742734563
6821,universe,noun,0.049731918625,0.2289643845901554,1.5817349603255666,-1.5817349603255666,0.5645195863527722,0.3967419854714638
7013,weakness,noun,0.05357367731249999,0.25458839751053813,1.711917420719101,-1.711917420719101,0.527415757943157,0.3910020777268476
7303,clear,adverb,0.06680665453750001,0.34285057298028043,2.047947821988032,-2.047947821988032,0.43164237717122805,0.38724647507575427
7239,fewer,determiner,0.0344014248875,0.12671205653954096,1.290564951090192,-1.290564951090192,0.6475071257496844,0.3871095911446127
7279,lifetime,noun,0.030120940124999995,0.09816179979991803,1.1927523641128592,-1.1927523641128592,0.6753850859029691,0.38677344285144355
7305,confuse,verb,0.03564082662500001,0.13497869916823554,1.3293665812557298,-1.3293665812557298,0.6364481165458074,0.38571340785702146
7437,nothing,misc,0.04440304500000001,0.1934215153666477,1.5462308655289714,-1.5462308655289714,0.5746387516933975,0.3840301335300226
7243,unproductive,adjective,0.03192926827499999,0.11022310495962474,1.2556757158928833,-1.2556757158928833,0.6574510474745493,0.383837076217087
7477,instance,noun,0.049970004375000016,0.2305523844700045,1.6781980045478617,-1.6781980045478617,0.5370262648264038,0.38378932464820414
6981,streak,noun,0.09435026200000002,0.5265627243419613,2.725812804112371,-2.725812804112371,0.23844134297970143,0.38250203366083135
7322,prize,noun,0.060491196375,0.30072731779494616,1.9649001337217509,-1.9649001337217509,0.4553121339566847,0.37801972587581545
7177,adjust,verb,0.038849768874999996,0.15638191169751336,1.4720687102673915,-1.4720687102673915,0.595776006858146,0.3760789592778297
6921,remarkably,adverb,0.04398763162500001,0.19065076411594206,1.6023346861929728,-1.6023346861929728,0.5586483753497014,0.3746495697328217
7443,sometime,adverb,0.0581490387375,0.2851054418660528,1.944557497538666,-1.944557497538666,0.4611100707912992,0.373107756328676
7113,safely,adverb,0.03281074365000001,0.1161024269668844,1.3776852088203226,-1.3776852088203226,0.6226766295058082,0.3693895282363463
6984,knight,verb,0.058322238375,0.28626066011636764,1.977015953749298,-1.977015953749298,0.45185895519523755,0.3690598076558026
7042,nowhere,adverb,0.06996418400000001,0.3639108691427758,2.254964778536024,-2.254964778536024,0.3726396389343117,0.3682752540385438
7218,consulting,adjective,0.0503082599125,0.23280850333855607,1.828961796580648,-1.828961796580648,0.4940564680269171,0.36343248568273656
6977,nomination,noun,0.036473365534999996,0.14053162154620075,1.5189721135425212,-1.5189721135425212,0.5824078786042584,0.3614697500752295
7484,baking,noun,0.060320652,0.2995898097878146,2.102646446831306,-2.102646446831306,0.41605250135929756,0.3578211555735561
7497,allege,verb,0.050323675624999994,0.23291132406427267,1.9452033558415325,-1.9452033558415325,0.4609259921099311,0.34691865808710187
7409,thereby,adverb,0.030372450750000002,0.09983934178754546,1.6036387348161212,-1.6036387348161212,0.5582767031889139,0.3290580224882297
7393,amazing,adjective,0.046287225375000005,0.20598874464901307,1.989573062312866,-1.989573062312866,0.4482800030072462,0.3271343738281296
7331,witness,verb,0.03332378237499999,0.11952432615092999,1.7294767428534346,-1.7294767428534346,0.5224111046781015,0.32096771541451574
6956,nursing,adjective,0.032620464375,0.11483328983525103,1.7361749816861687,-1.7361749816861687,0.5205020125965331,0.317667651215892
7385,rating,noun,0.035689939,0.13530627209353274,1.8245014824921901,-1.8245014824921901,0.4953277201456038,0.31531699611956826
6772,harm,verb,0.04157157491249999,0.17453599131178008,1.9730151625640715,-1.9730151625640715,0.4529992368367936,0.3137676140742868
7190,walker,noun,0.080641938625,0.4351300540858377,2.9050868992051115,-2.9050868992051115,0.18734570964705288,0.3112378818664453
7040,crowned,adjective,0.04763765087500001,0.2149959008175158,2.187035327125061,-2.187035327125061,0.39200048602148835,0.30349819341950207
7123,chief,adjective,0.06543912000000002,0.3337293018364198,2.642222273326188,-2.642222273326188,0.262265817502486,0.2979975596694529
7265,received,adjective,0.10353160475,0.5878010436611684,3.562407894676992,-3.562407894676992,0.0,0.2939005218305842
6890,anger,verb,0.066036578875,0.3377142720486846,2.8368447910620245,-2.8368447910620245,0.20679566829123025,0.2722549701699574
7066,dining,noun,0.05002324612499999,0.23090749977028147,2.4780126539173417,-2.4780126539173417,0.3090678638252843,0.2699876817977829
7130,instantly,adverb,0.02958783425,0.09460605542862821,2.287407996048388,-2.287407996048388,0.36339286658114167,0.22899946100488494
